# https://github.com/mikedh/trimesh

o shape0-lib
v 0.00816229 -0.00670127 0.02599360
v 0.00546640 -0.00580710 0.02599860
v 0.00717093 -0.00857523 0.02599830
v 0.00813822 -0.00612625 0.01010940
v 0.00546640 -0.00580710 0.02599860
v 0.00816229 -0.00670127 0.02599360
v 0.00602863 -0.00853361 0.01008360
v 0.00717093 -0.00857523 0.02599830
v 0.00546640 -0.00580710 0.02599860
v 0.00813822 -0.00612625 0.01010940
v 0.00816229 -0.00670127 0.02599360
v 0.00717093 -0.00857523 0.02599830
v 0.00813822 -0.00612625 0.01010940
v 0.00559753 -0.00604077 0.01004210
v 0.00546640 -0.00580710 0.02599860
v 0.00559753 -0.00604077 0.01004210
v 0.00602863 -0.00853361 0.01008360
v 0.00546640 -0.00580710 0.02599860
v 0.00602863 -0.00853361 0.01008360
v 0.00813822 -0.00612625 0.01010940
v 0.00717093 -0.00857523 0.02599830
v 0.00559753 -0.00604077 0.01004210
v 0.00813822 -0.00612625 0.01010940
v 0.00729378 -0.00402467 0.00816629
v 0.00729378 -0.00402467 0.00816629
v 0.00385484 -0.00667791 0.00818390
v 0.00559753 -0.00604077 0.01004210
v 0.00385484 -0.00667791 0.00818390
v 0.00602863 -0.00853361 0.01008360
v 0.00559753 -0.00604077 0.01004210
v 0.00940759 -0.00817831 0.00861608
v 0.00813822 -0.00612625 0.01010940
v 0.00602863 -0.00853361 0.01008360
v 0.00602863 -0.00853361 0.01008360
v 0.00385484 -0.00667791 0.00818390
v 0.00607086 -0.00973048 0.00836720
v 0.00813822 -0.00612625 0.01010940
v 0.00940759 -0.00817831 0.00861608
v 0.00729378 -0.00402467 0.00816629
v 0.00602863 -0.00853361 0.01008360
v 0.00607086 -0.00973048 0.00836720
v 0.00940759 -0.00817831 0.00861608
v 0.00607086 -0.00973048 0.00836720
v 0.00729378 -0.00402467 0.00816629
v 0.00940759 -0.00817831 0.00861608
v 0.00729378 -0.00402467 0.00816629
v 0.00607086 -0.00973048 0.00836720
v 0.00385484 -0.00667791 0.00818390
v -0.00677191 -0.00848728 0.02599290
v -0.00538871 -0.00760989 0.02599800
v -0.00813160 -0.00747466 0.02599760
v -0.00538871 -0.00760989 0.02599800
v -0.00543194 -0.00610846 0.02599300
v -0.00813160 -0.00747466 0.02599760
v -0.00776640 -0.00593725 0.02599550
v -0.00607413 -0.00545725 0.01008740
v -0.00776640 -0.00593725 0.02599550
v -0.00543194 -0.00610846 0.02599300
v -0.00807450 -0.00644482 0.01005680
v -0.00813160 -0.00747466 0.02599760
v -0.00776640 -0.00593725 0.02599550
v -0.00558858 -0.00788406 0.01006480
v -0.00538871 -0.00760989 0.02599800
v -0.00677191 -0.00848728 0.02599290
v -0.00807450 -0.00644482 0.01005680
v -0.00887010 -0.00918385 0.00995308
v -0.00813160 -0.00747466 0.02599760
v -0.00677191 -0.00848728 0.02599290
v -0.00813160 -0.00747466 0.02599760
v -0.00887010 -0.00918385 0.00995308
v -0.00807450 -0.00644482 0.01005680
v -0.00776640 -0.00593725 0.02599550
v -0.00607413 -0.00545725 0.01008740
v -0.00607413 -0.00545725 0.01008740
v -0.00543194 -0.00610846 0.02599300
v -0.00558858 -0.00788406 0.01006480
v -0.00543194 -0.00610846 0.02599300
v -0.00538871 -0.00760989 0.02599800
v -0.00558858 -0.00788406 0.01006480
v -0.00558858 -0.00788406 0.01006480
v -0.00677191 -0.00848728 0.02599290
v -0.00887010 -0.00918385 0.00995308
v -0.00472720 -0.00888702 0.00793214
v -0.00558858 -0.00788406 0.01006480
v -0.00887010 -0.00918385 0.00995308
v -0.00607413 -0.00545725 0.01008740
v -0.00558858 -0.00788406 0.01006480
v -0.00470041 -0.00469305 0.00873737
v -0.00558858 -0.00788406 0.01006480
v -0.00472720 -0.00888702 0.00793214
v -0.00470041 -0.00469305 0.00873737
v -0.00607413 -0.00545725 0.01008740
v -0.00470041 -0.00469305 0.00873737
v -0.00914373 -0.00547704 0.00791741
v -0.00914373 -0.00547704 0.00791741
v -0.00807450 -0.00644482 0.01005680
v -0.00607413 -0.00545725 0.01008740
v -0.00807450 -0.00644482 0.01005680
v -0.00914373 -0.00547704 0.00791741
v -0.00887010 -0.00918385 0.00995308
v -0.00887010 -0.00918385 0.00995308
v -0.00914373 -0.00547704 0.00791741
v -0.00472720 -0.00888702 0.00793214
v -0.00914373 -0.00547704 0.00791741
v -0.00470041 -0.00469305 0.00873737
v -0.00472720 -0.00888702 0.00793214
v 0.00514352 0.00676933 0.02599820
v 0.00666565 0.00501448 0.02599730
v 0.00797557 0.00745128 0.02599770
v 0.00525555 0.00576347 0.01009950
v 0.00666565 0.00501448 0.02599730
v 0.00514352 0.00676933 0.02599820
v 0.00633127 0.00787078 0.01012410
v 0.00514352 0.00676933 0.02599820
v 0.00797557 0.00745128 0.02599770
v 0.00783944 0.00546660 0.01012700
v 0.00797557 0.00745128 0.02599770
v 0.00666565 0.00501448 0.02599730
v 0.00633127 0.00787078 0.01012410
v 0.00525555 0.00576347 0.01009950
v 0.00514352 0.00676933 0.02599820
v 0.00525555 0.00576347 0.01009950
v 0.00783944 0.00546660 0.01012700
v 0.00666565 0.00501448 0.02599730
v 0.00783944 0.00546660 0.01012700
v 0.00633127 0.00787078 0.01012410
v 0.00797557 0.00745128 0.02599770
v 0.00591675 0.00926917 0.00906740
v 0.00525555 0.00576347 0.01009950
v 0.00633127 0.00787078 0.01012410
v 0.00591675 0.00926917 0.00906740
v 0.00390318 0.00478974 0.00906911
v 0.00525555 0.00576347 0.01009950
v 0.00390318 0.00478974 0.00906911
v 0.00783944 0.00546660 0.01012700
v 0.00525555 0.00576347 0.01009950
v 0.00930945 0.00790138 0.00990435
v 0.00633127 0.00787078 0.01012410
v 0.00783944 0.00546660 0.01012700
v 0.00783944 0.00546660 0.01012700
v 0.00390318 0.00478974 0.00906911
v 0.00851568 0.00424579 0.00778320
v 0.00633127 0.00787078 0.01012410
v 0.00930945 0.00790138 0.00990435
v 0.00591675 0.00926917 0.00906740
v 0.00783944 0.00546660 0.01012700
v 0.00851568 0.00424579 0.00778320
v 0.00930945 0.00790138 0.00990435
v 0.00390318 0.00478974 0.00906911
v 0.00656215 0.00659157 0.00790113
v 0.00851568 0.00424579 0.00778320
v 0.00930945 0.00790138 0.00990435
v 0.00851568 0.00424579 0.00778320
v 0.00656215 0.00659157 0.00790113
v 0.00656215 0.00659157 0.00790113
v 0.00591675 0.00926917 0.00906740
v 0.00930945 0.00790138 0.00990435
v 0.00656215 0.00659157 0.00790113
v 0.00390318 0.00478974 0.00906911
v 0.00591675 0.00926917 0.00906740
v -0.00718470 0.00783682 0.02599510
v -0.00814677 0.00605904 0.02599510
v -0.00588433 0.00765032 0.02599890
v -0.00714493 0.00500880 0.02599830
v -0.00533514 0.00604057 0.02599510
v -0.00561944 0.00772388 0.01011070
v -0.00588433 0.00765032 0.02599890
v -0.00533514 0.00604057 0.02599510
v -0.00795989 0.00725386 0.01011780
v -0.00814677 0.00605904 0.02599510
v -0.00718470 0.00783682 0.02599510
v -0.00588433 0.00765032 0.02599890
v -0.00561944 0.00772388 0.01011070
v -0.00718470 0.00783682 0.02599510
v -0.00714493 0.00500880 0.02599830
v -0.00578210 0.00533340 0.01010480
v -0.00533514 0.00604057 0.02599510
v -0.00714493 0.00500880 0.02599830
v -0.00814677 0.00605904 0.02599510
v -0.00725281 0.00511600 0.01005390
v -0.00795989 0.00725386 0.01011780
v -0.00725281 0.00511600 0.01005390
v -0.00814677 0.00605904 0.02599510
v -0.00795989 0.00725386 0.01011780
v -0.00718470 0.00783682 0.02599510
v -0.00561944 0.00772388 0.01011070
v -0.00561944 0.00772388 0.01011070
v -0.00533514 0.00604057 0.02599510
v -0.00578210 0.00533340 0.01010480
v -0.00578210 0.00533340 0.01010480
v -0.00714493 0.00500880 0.02599830
v -0.00725281 0.00511600 0.01005390
v -0.00769645 0.00405474 0.00846588
v -0.00411346 0.00512705 0.00783139
v -0.00578210 0.00533340 0.01010480
v -0.00769645 0.00405474 0.00846588
v -0.00725281 0.00511600 0.01005390
v -0.00795989 0.00725386 0.01011780
v -0.00578210 0.00533340 0.01010480
v -0.00725281 0.00511600 0.01005390
v -0.00769645 0.00405474 0.00846588
v -0.00411346 0.00512705 0.00783139
v -0.00561944 0.00772388 0.01011070
v -0.00578210 0.00533340 0.01010480
v -0.00948089 0.00727160 0.00908909
v -0.00795989 0.00725386 0.01011780
v -0.00561944 0.00772388 0.01011070
v -0.00561944 0.00772388 0.01011070
v -0.00411346 0.00512705 0.00783139
v -0.00591563 0.00941452 0.00853962
v -0.00561944 0.00772388 0.01011070
v -0.00591563 0.00941452 0.00853962
v -0.00948089 0.00727160 0.00908909
v -0.00795989 0.00725386 0.01011780
v -0.00948089 0.00727160 0.00908909
v -0.00769645 0.00405474 0.00846588
v -0.00591563 0.00941452 0.00853962
v -0.00769645 0.00405474 0.00846588
v -0.00948089 0.00727160 0.00908909
v -0.00411346 0.00512705 0.00783139
v 0.00356164 -0.00415590 0.01000000
v -0.00261414 -0.00484430 0.01000000
v 0.00261414 -0.00484430 0.01200000
v -0.00517725 0.00081645 0.01000000
v 0.00026636 0.00519791 0.01000000
v -0.00209277 0.00521734 0.01200000
v -0.00261414 -0.00484430 0.01000000
v -0.00517725 0.00081645 0.01000000
v -0.00425089 -0.00366769 0.01200000
v -0.00425089 -0.00366769 0.01200000
v 0.00261414 -0.00484430 0.01200000
v -0.00261414 -0.00484430 0.01000000
v -0.00209277 0.00521734 0.01200000
v -0.00425089 -0.00366769 0.01200000
v -0.00517725 0.00081645 0.01000000
v 0.00509779 0.00090622 0.01112910
v -0.00209277 0.00521734 0.01200000
v 0.00026636 0.00519791 0.01000000
v 0.00261414 -0.00484430 0.01200000
v 0.00509779 0.00090622 0.01112910
v 0.00356164 -0.00415590 0.01000000
v 0.00629571 -0.00669362 0.01000030
v 0.00261414 -0.00484430 0.01200000
v 0.00771351 -0.00761320 0.01200000
v 0.00261414 -0.00484430 0.01200000
v 0.00771351 -0.00761320 0.01200000
v 0.00747562 0.00817348 0.01200000
v 0.00747562 0.00817348 0.01200000
v -0.00209277 0.00521734 0.01200000
v 0.00616030 0.00458640 0.01056630
v 0.00616030 0.00458640 0.01056630
v -0.00209277 0.00521734 0.01200000
v 0.00747562 0.00817348 0.01200000
v -0.00588565 -0.01167040 0.01200010
v 0.00261414 -0.00484430 0.01200000
v -0.00209277 0.00521734 0.01200000
v 0.00509779 0.00090622 0.01112910
v -0.00425089 -0.00366769 0.01200000
v -0.00726983 -0.00546497 0.01199900
v -0.01400000 -0.01100000 0.01200000
v -0.00209277 0.00521734 0.01200000
v -0.00631926 0.00629022 0.01000040
v -0.00209277 0.00521734 0.01200000
v -0.00753966 0.00683281 0.01200000
v -0.00631926 0.00629022 0.01000040
v -0.00753966 0.00683281 0.01200000
v -0.00209277 0.00521734 0.01200000
v -0.01304520 0.00292696 0.01200000
v -0.01432070 -0.00534552 0.01200000
v -0.00753966 0.00683281 0.01200000
v -0.01432070 -0.00534552 0.01200000
v -0.01814980 -0.01160240 0.01114600
v -0.01400000 -0.01100000 0.01200000
v -0.01404470 -0.01530670 0.01199770
v -0.01400000 -0.01100000 0.01200000
v -0.01814980 -0.01160240 0.01114600
v -0.01404470 -0.01530670 0.01199770
v 0.00558858 -0.01168770 0.01200000
v 0.01245430 -0.00999748 0.01200000
v 0.00558858 -0.01168770 0.01200000
v 0.01799200 -0.01125310 0.01191010
v 0.01245430 -0.00999748 0.01200000
v 0.01245430 -0.00999748 0.01200000
v 0.01799200 -0.01125310 0.01191010
v 0.01304520 -0.00342696 0.01200000
v 0.01304520 -0.00342696 0.01200000
v 0.01402690 0.00437999 0.01200000
v 0.01237790 0.00956266 0.01200000
v 0.01825630 0.01018060 0.01200000
v 0.01406150 0.01472520 0.01200000
v 0.00051905 0.01033750 0.01200000
v -0.01400000 0.01050000 0.01200000
v -0.01763620 0.01306920 0.01100810
v -0.01814400 0.00977268 0.01200000
v -0.01400000 0.01050000 0.01200000
v -0.01078390 0.01326530 0.01200000
v -0.01763620 0.01306920 0.01100810
v -0.01400000 0.01050000 0.01200000
v -0.01814400 0.00977268 0.01200000
v -0.01078390 0.01326530 0.01200000
v 0.01481590 -0.01526960 0.01001660
v 0.01799200 -0.01125310 0.01191010
v 0.00558858 -0.01168770 0.01200000
v 0.00629571 -0.00669362 0.01000030
v 0.00771351 -0.00761320 0.01200000
v 0.00261414 -0.00484430 0.01200000
v -0.01307030 -0.00344287 0.01000000
v -0.00261414 -0.00484430 0.01000000
v -0.00726983 -0.00546497 0.01199900
v -0.00702268 -0.00839759 0.01000000
v -0.00726983 -0.00546497 0.01199900
v -0.00261414 -0.00484430 0.01000000
v -0.00726983 -0.00546497 0.01199900
v -0.00702268 -0.00839759 0.01000000
v -0.01307030 -0.00344287 0.01000000
v -0.00702268 -0.00839759 0.01000000
v -0.00261414 -0.00484430 0.01000000
v 0.00356164 -0.00415590 0.01000000
v 0.00509779 0.00090622 0.01112910
v 0.00026636 0.00519791 0.01000000
v 0.00356164 -0.00415590 0.01000000
v -0.00517725 0.00081645 0.01000000
v -0.00261414 -0.00484430 0.01000000
v 0.00026636 0.00519791 0.01000000
v 0.00026636 0.00519791 0.01000000
v -0.00631926 0.00629022 0.01000040
v 0.00614408 0.01106090 0.01000000
v 0.00616030 0.00458640 0.01056630
v 0.00026636 0.00519791 0.01000000
v 0.00614408 0.01106090 0.01000000
v 0.00614408 0.01106090 0.01000000
v 0.00026636 0.00519791 0.01000000
v 0.00616030 0.00458640 0.01056630
v 0.01400000 -0.01100000 0.01000000
v 0.01481590 -0.01526960 0.01001660
v 0.00389727 -0.01142660 0.01000000
v 0.00629571 -0.00669362 0.01000030
v -0.00413552 -0.01140770 0.01000000
v -0.01288700 -0.01483470 0.01000010
v -0.01404470 -0.01530670 0.01199770
v -0.01650380 -0.01356690 0.00999999
v -0.01265200 -0.00978549 0.00999999
v -0.01307030 -0.00344287 0.01000000
v -0.01650380 -0.01356690 0.00999999
v -0.01288700 -0.01483470 0.01000010
v -0.01650380 -0.01356690 0.00999999
v -0.01814980 -0.01160240 0.01114600
v -0.01307030 -0.00344287 0.01000000
v -0.01432070 0.00484553 0.00999999
v -0.01415230 0.01484740 0.00999999
v -0.00581366 0.01121570 0.01000000
v -0.01400000 0.01050000 0.00999999
v -0.01432070 0.00484553 0.00999999
v -0.01763620 0.01306920 0.01100810
v -0.01400000 0.01050000 0.00999999
v -0.01400000 0.01050000 0.00999999
v -0.01763620 0.01306920 0.01100810
v -0.01415230 0.01484740 0.00999999
v 0.01119780 0.01331200 0.01000000
v 0.01807320 0.01203810 0.01000000
v 0.01304520 0.00292695 0.01000000
v 0.01432070 -0.00534552 0.01000000
v 0.01400000 -0.01100000 0.01000000
v 0.01799200 -0.01125310 0.01191010
v 0.01481590 -0.01526960 0.01001660
v 0.01400000 -0.01100000 0.01000000
v 0.01432070 -0.00534552 0.01000000
v 0.01799200 -0.01125310 0.01191010
v 0.01432070 -0.00534552 0.01000000
v 0.01304520 -0.00342696 0.01200000
v 0.01799200 -0.01125310 0.01191010
v 0.01807320 0.01203810 0.01000000
v 0.01406150 0.01472520 0.01200000
v 0.01825630 0.01018060 0.01200000
v 0.01825630 0.01018060 0.01200000
v 0.01304520 0.00292695 0.01000000
v 0.01807320 0.01203810 0.01000000
v 0.01406150 0.01472520 0.01200000
v 0.01807320 0.01203810 0.01000000
v 0.01119780 0.01331200 0.01000000
v -0.01432070 0.00484553 0.00999999
v -0.01304520 0.00292696 0.01200000
v -0.01814400 0.00977268 0.01200000
v -0.01415230 0.01484740 0.00999999
v -0.01763620 0.01306920 0.01100810
v -0.01078390 0.01326530 0.01200000
v -0.01814400 0.00977268 0.01200000
v -0.01763620 0.01306920 0.01100810
v -0.01432070 0.00484553 0.00999999
v -0.01650380 -0.01356690 0.00999999
v -0.01404470 -0.01530670 0.01199770
v -0.01814980 -0.01160240 0.01114600
v -0.01432070 -0.00534552 0.01200000
v -0.01307030 -0.00344287 0.01000000
v -0.01814980 -0.01160240 0.01114600
v 0.01432070 -0.00534552 0.01000000
v 0.01304520 0.00292695 0.01000000
v 0.01304520 -0.00342696 0.01200000
v 0.01402690 0.00437999 0.01200000
v 0.01304520 -0.00342696 0.01200000
v 0.01304520 0.00292695 0.01000000
v 0.01825630 0.01018060 0.01200000
v 0.01402690 0.00437999 0.01200000
v 0.01304520 0.00292695 0.01000000
v -0.00581366 0.01121570 0.01000000
v -0.01415230 0.01484740 0.00999999
v -0.01078390 0.01326530 0.01200000
v 0.00614408 0.01106090 0.01000000
v -0.00581366 0.01121570 0.01000000
v 0.00051905 0.01033750 0.01200000
v 0.01119780 0.01331200 0.01000000
v 0.00614408 0.01106090 0.01000000
v 0.00051905 0.01033750 0.01200000
v 0.00051905 0.01033750 0.01200000
v 0.01406150 0.01472520 0.01200000
v 0.01119780 0.01331200 0.01000000
v -0.01078390 0.01326530 0.01200000
v 0.00051905 0.01033750 0.01200000
v -0.00581366 0.01121570 0.01000000
v -0.01432070 0.00484553 0.00999999
v -0.01307030 -0.00344287 0.01000000
v -0.01304520 0.00292696 0.01200000
v -0.01432070 -0.00534552 0.01200000
v -0.01304520 0.00292696 0.01200000
v -0.01307030 -0.00344287 0.01000000
v 0.00389727 -0.01142660 0.01000000
v 0.01481590 -0.01526960 0.01001660
v 0.00558858 -0.01168770 0.01200000
v -0.00413552 -0.01140770 0.01000000
v 0.00389727 -0.01142660 0.01000000
v 0.00558858 -0.01168770 0.01200000
v -0.00588565 -0.01167040 0.01200010
v -0.01404470 -0.01530670 0.01199770
v -0.01288700 -0.01483470 0.01000010
v -0.01288700 -0.01483470 0.01000010
v -0.00413552 -0.01140770 0.01000000
v -0.00588565 -0.01167040 0.01200010
v -0.00588565 -0.01167040 0.01200010
v -0.00588565 -0.01167040 0.01200010
v -0.00726983 -0.00546497 0.01199900
v -0.00702268 -0.00839759 0.01000000
v -0.00726983 -0.00546497 0.01199900
v -0.00588565 -0.01167040 0.01200010
v -0.00702268 -0.00839759 0.01000000
v 0.00616030 0.00458640 0.01056630
v 0.00614408 0.01106090 0.01000000
v 0.00747562 0.00817348 0.01200000
v 0.00614408 0.01106090 0.01000000
v 0.00616030 0.00458640 0.01056630
v 0.00747562 0.00817348 0.01200000
v 0.01237790 0.00956266 0.01200000
v 0.01825630 0.01018060 0.01200000
v 0.01807320 0.01203810 0.01000000
v 0.01825630 0.01018060 0.01200000
v 0.01237790 0.00956266 0.01200000
v 0.01119780 0.01331200 0.01000000
v 0.01119780 0.01331200 0.01000000
v 0.01807320 0.01203810 0.01000000
v 0.01825630 0.01018060 0.01200000
v 0.01807320 0.01203810 0.01000000
v 0.01119780 0.01331200 0.01000000
v 0.01237790 0.00956266 0.01200000
v 0.01799200 -0.01125310 0.01191010
v 0.01245430 -0.00999748 0.01200000
v 0.01400000 -0.01100000 0.01000000
v 0.01245430 -0.00999748 0.01200000
v 0.01799200 -0.01125310 0.01191010
v 0.01400000 -0.01100000 0.01000000
v -0.01650380 -0.01356690 0.00999999
v -0.01265200 -0.00978549 0.00999999
v -0.01400000 -0.01100000 0.01200000
v -0.01265200 -0.00978549 0.00999999
v -0.01650380 -0.01356690 0.00999999
v -0.01400000 -0.01100000 0.01200000
v -0.01309720 -0.00931709 0.00995017
v -0.01280750 -0.01136830 0.00000007
v -0.01276650 -0.01130620 0.00999185
v -0.01548570 -0.00996829 0.00002658
v -0.01324980 -0.00926126 -0.00000106
v -0.01309720 -0.00931709 0.00995017
v -0.01517260 -0.01153110 0.00995774
v -0.01276650 -0.01130620 0.00999185
v -0.01280750 -0.01136830 0.00000007
v -0.01309720 -0.00931709 0.00995017
v -0.01517260 -0.01153110 0.00995774
v -0.01548570 -0.00996829 0.00002658
v -0.01280750 -0.01136830 0.00000007
v -0.01548570 -0.00996829 0.00002658
v -0.01517260 -0.01153110 0.00995774
v -0.01324980 -0.00926126 -0.00000106
v -0.01280750 -0.01136830 0.00000007
v -0.01309720 -0.00931709 0.00995017
v -0.01650000 -0.00800000 -0.00000000
v -0.01150000 -0.00800000 -0.00000000
v -0.01324980 -0.00926126 -0.00000106
v -0.01150000 -0.01300000 -0.00000000
v -0.01280750 -0.01136830 0.00000007
v -0.01650000 -0.01300000 -0.00000000
v -0.01548570 -0.00996829 0.00002658
v -0.01280750 -0.01136830 0.00000007
v -0.01548570 -0.00996829 0.00002658
v -0.01650000 -0.01300000 -0.00000000
v -0.01650000 -0.00800000 -0.00000000
v -0.01650000 -0.01300000 -0.00000000
v -0.01324980 -0.00926126 -0.00000106
v -0.01548570 -0.00996829 0.00002658
v -0.01650000 -0.00800000 -0.00000000
v -0.01150000 -0.01300000 0.00999999
v -0.01650000 -0.01300000 0.00999999
v -0.01650000 -0.01300000 -0.00000000
v -0.01150000 -0.01300000 -0.00000000
v -0.01650000 -0.01300000 0.00999999
v -0.01150000 -0.01300000 0.00999999
v -0.01517260 -0.01153110 0.00995774
v -0.01150000 -0.01300000 0.00999999
v -0.01150000 -0.00807584 0.00955937
v -0.01276650 -0.01130620 0.00999185
v -0.01150000 -0.01300000 0.00999999
v -0.01276650 -0.01130620 0.00999185
v -0.01517260 -0.01153110 0.00995774
v -0.01150000 -0.00807584 0.00955937
v -0.01309720 -0.00931709 0.00995017
v -0.01276650 -0.01130620 0.00999185
v -0.01650000 -0.00800000 0.00999999
v -0.01517260 -0.01153110 0.00995774
v -0.01309720 -0.00931709 0.00995017
v -0.01517260 -0.01153110 0.00995774
v -0.01650000 -0.00800000 0.00999999
v -0.01650000 -0.01300000 0.00999999
v -0.01150000 -0.00807584 0.00955937
v -0.01650000 -0.00800000 0.00999999
v -0.01309720 -0.00931709 0.00995017
v -0.01650000 0.00666348 0.00723895
v -0.01650000 0.00799999 -0.00000000
v -0.01150000 0.00799999 -0.00000000
v -0.01650000 0.00596761 0.00558038
v -0.01650000 0.00666348 0.00723895
v -0.01150000 0.00689565 0.00449928
v -0.01650000 -0.00077235 0.00828792
v -0.01650000 0.00596761 0.00558038
v -0.01150000 0.00077236 0.00828792
v -0.01650000 -0.00689565 0.00449928
v -0.01650000 -0.00077235 0.00828792
v -0.01150000 -0.00596760 0.00558040
v -0.01650000 -0.00800000 -0.00000000
v -0.01650000 -0.00689565 0.00449928
v -0.01150000 -0.00666345 0.00723897
v -0.01150000 -0.00666345 0.00723897
v -0.01150000 -0.00800000 -0.00000000
v -0.01650000 -0.00800000 -0.00000000
v -0.01150000 -0.00596760 0.00558040
v -0.01150000 -0.00666345 0.00723897
v -0.01650000 -0.00689565 0.00449928
v -0.01150000 0.00077236 0.00828792
v -0.01150000 -0.00596760 0.00558040
v -0.01650000 -0.00077235 0.00828792
v -0.01150000 0.00689565 0.00449928
v -0.01150000 0.00077236 0.00828792
v -0.01650000 0.00596761 0.00558038
v -0.01150000 0.00799999 -0.00000000
v -0.01150000 0.00689565 0.00449928
v -0.01650000 0.00666348 0.00723895
v -0.01150000 -0.00807584 0.00955937
v -0.01650000 -0.00689565 0.00449928
v -0.01650000 -0.00800000 0.00999999
v -0.01650000 -0.00251629 0.00990742
v -0.01650000 -0.00689565 0.00449928
v -0.01150000 -0.00666345 0.00723897
v -0.01150000 -0.00807584 0.00955937
v -0.01150000 -0.00666345 0.00723897
v -0.01650000 -0.00689565 0.00449928
v -0.01650000 -0.00251629 0.00990742
v -0.01150000 -0.00666345 0.00723897
v -0.01150000 -0.00359540 0.00939440
v -0.01650000 -0.00251629 0.00990742
v -0.01150000 -0.00359540 0.00939440
v -0.01150000 0.00251629 0.00990742
v -0.01150000 0.00251629 0.00990742
v -0.01650000 0.00666348 0.00723895
v -0.01650000 0.00359540 0.00939440
v -0.01150000 0.00251629 0.00990742
v -0.01650000 0.00359540 0.00939440
v -0.01650000 -0.00251629 0.00990742
v -0.01650000 0.00807583 0.00955938
v -0.01650000 0.00666348 0.00723895
v -0.01150000 0.00689565 0.00449928
v -0.01150000 0.00251629 0.00990742
v -0.01150000 0.00689565 0.00449928
v -0.01650000 0.00666348 0.00723895
v -0.01650000 0.00807583 0.00955938
v -0.01150000 0.00689565 0.00449928
v -0.01150000 0.00799999 0.00999999
v -0.01150000 0.00077236 0.00828792
v -0.01150000 0.00251629 0.00990742
v -0.01150000 -0.00359540 0.00939440
v -0.01150000 -0.00596760 0.00558040
v -0.01150000 -0.00666345 0.00723897
v -0.01150000 -0.00800000 -0.00000000
v -0.01150000 -0.00807584 0.00955937
v -0.01150000 -0.01300000 -0.00000000
v -0.01150000 0.00689565 0.00449928
v -0.01150000 0.00799999 -0.00000000
v -0.01150000 0.01300000 -0.00000000
v -0.01150000 -0.01300000 0.00999999
v -0.01150000 0.01300000 0.00999999
v -0.01150000 0.00799999 0.00999999
v -0.01650000 0.00359540 0.00939440
v -0.01650000 0.00596761 0.00558038
v -0.01650000 -0.00077235 0.00828792
v -0.01650000 0.00666348 0.00723895
v -0.01650000 -0.00251629 0.00990742
v -0.01650000 -0.00800000 -0.00000000
v -0.01650000 -0.01300000 -0.00000000
v -0.01650000 -0.00689565 0.00449928
v -0.01650000 0.00799999 -0.00000000
v -0.01650000 0.00807583 0.00955938
v -0.01650000 -0.01300000 0.00999999
v -0.01650000 -0.00800000 0.00999999
v -0.01650000 0.01300000 -0.00000000
v -0.01650000 0.01300000 0.00999999
v -0.01150000 0.01300000 -0.00000000
v -0.01650000 0.01300000 -0.00000000
v -0.01650000 0.01300000 0.00999999
v -0.01150000 0.01300000 0.00999999
v -0.01650000 0.01300000 -0.00000000
v -0.01150000 0.01300000 -0.00000000
v -0.01325760 0.01195490 0.00000016
v -0.01650000 0.00799999 -0.00000000
v -0.01650000 0.01300000 -0.00000000
v -0.01544580 0.00975533 -0.00001694
v -0.01150000 0.00799999 -0.00000000
v -0.01150000 0.00799999 -0.00000000
v -0.01650000 0.00799999 -0.00000000
v -0.01301410 0.00948280 0.00003310
v -0.01301410 0.00948280 0.00003310
v -0.01325760 0.01195490 0.00000016
v -0.01150000 0.00799999 -0.00000000
v -0.01325760 0.01195490 0.00000016
v -0.01544580 0.00975533 -0.00001694
v -0.01650000 0.01300000 -0.00000000
v -0.01544580 0.00975533 -0.00001694
v -0.01301410 0.00948280 0.00003310
v -0.01650000 0.00799999 -0.00000000
v -0.01650000 0.00807583 0.00955938
v -0.01150000 0.00799999 0.00999999
v -0.01480620 0.00926654 0.00999185
v -0.01523350 0.01130620 0.00999185
v -0.01276900 0.01149320 0.00998915
v -0.01650000 0.01300000 0.00999999
v -0.01150000 0.00799999 0.00999999
v -0.01480620 0.00926654 0.00999185
v -0.01150000 0.01300000 0.00999999
v -0.01650000 0.01300000 0.00999999
v -0.01276900 0.01149320 0.00998915
v -0.01523350 0.01130620 0.00999185
v -0.01650000 0.01300000 0.00999999
v -0.01650000 0.00807583 0.00955938
v -0.01480620 0.00926654 0.00999185
v -0.01523350 0.01130620 0.00999185
v -0.01650000 0.00807583 0.00955938
v -0.01276900 0.01149320 0.00998915
v -0.01150000 0.00799999 0.00999999
v -0.01150000 0.01300000 0.00999999
v -0.01480620 0.00926654 0.00999185
v -0.01276900 0.01149320 0.00998915
v -0.01301410 0.00948280 0.00003310
v -0.01301410 0.00948280 0.00003310
v -0.01544580 0.00975533 -0.00001694
v -0.01480620 0.00926654 0.00999185
v -0.01325760 0.01195490 0.00000016
v -0.01301410 0.00948280 0.00003310
v -0.01276900 0.01149320 0.00998915
v -0.01544580 0.00975533 -0.00001694
v -0.01325760 0.01195490 0.00000016
v -0.01523350 0.01130620 0.00999185
v -0.01523350 0.01130620 0.00999185
v -0.01480620 0.00926654 0.00999185
v -0.01544580 0.00975533 -0.00001694
v -0.01276900 0.01149320 0.00998915
v -0.01523350 0.01130620 0.00999185
v -0.01325760 0.01195490 0.00000016
v 0.01324980 -0.00926126 0.00000106
v 0.01548570 -0.00996828 -0.00002658
v 0.01274680 -0.00937089 0.00998607
v 0.01280750 -0.01136830 -0.00000007
v 0.01324980 -0.00926126 0.00000106
v 0.01274680 -0.00937089 0.00998607
v 0.01274680 -0.00937089 0.00998607
v 0.01430580 -0.01193830 0.00992675
v 0.01280750 -0.01136830 -0.00000007
v 0.01539970 -0.01021610 0.00999112
v 0.01430580 -0.01193830 0.00992675
v 0.01539970 -0.01021610 0.00999112
v 0.01548570 -0.00996828 -0.00002658
v 0.01548570 -0.00996828 -0.00002658
v 0.01280750 -0.01136830 -0.00000007
v 0.01430580 -0.01193830 0.00992675
v 0.01150000 -0.00799999 0.00000000
v 0.01650000 -0.00799999 0.00000000
v 0.01324980 -0.00926126 0.00000106
v 0.01650000 -0.00799999 0.00000000
v 0.01650000 -0.01300000 0.00000000
v 0.01548570 -0.00996828 -0.00002658
v 0.01548570 -0.00996828 -0.00002658
v 0.01324980 -0.00926126 0.00000106
v 0.01650000 -0.00799999 0.00000000
v 0.01280750 -0.01136830 -0.00000007
v 0.01150000 -0.01300000 0.00000000
v 0.01650000 -0.01300000 0.00000000
v 0.01280750 -0.01136830 -0.00000007
v 0.01548570 -0.00996828 -0.00002658
v 0.01650000 -0.01300000 0.00000000
v 0.01650000 -0.01300000 0.01000000
v 0.01150000 -0.01300000 0.01000000
v 0.01150000 -0.01300000 0.00000000
v 0.01650000 -0.01300000 0.00000000
v 0.01150000 -0.01300000 0.01000000
v 0.01650000 -0.01300000 0.01000000
v 0.01430580 -0.01193830 0.00992675
v 0.01650000 -0.01300000 0.01000000
v 0.01650000 -0.00807583 0.00955939
v 0.01539970 -0.01021610 0.00999112
v 0.01650000 -0.01300000 0.01000000
v 0.01539970 -0.01021610 0.00999112
v 0.01430580 -0.01193830 0.00992675
v 0.01150000 -0.01300000 0.01000000
v 0.01430580 -0.01193830 0.00992675
v 0.01274680 -0.00937089 0.00998607
v 0.01650000 -0.00807583 0.00955939
v 0.01274680 -0.00937089 0.00998607
v 0.01539970 -0.01021610 0.00999112
v 0.01274680 -0.00937089 0.00998607
v 0.01150000 -0.00799999 0.01000000
v 0.01150000 -0.01300000 0.01000000
v 0.01650000 -0.00807583 0.00955939
v 0.01150000 -0.00799999 0.01000000
v 0.01274680 -0.00937089 0.00998607
v 0.01150000 0.00666345 0.00723897
v 0.01150000 0.00800000 0.00000000
v 0.01650000 0.00800000 0.00000000
v 0.01150000 0.00596760 0.00558040
v 0.01150000 0.00666345 0.00723897
v 0.01650000 0.00689565 0.00449929
v 0.01150000 -0.00077235 0.00828792
v 0.01150000 0.00596760 0.00558040
v 0.01650000 0.00077235 0.00828792
v 0.01150000 -0.00689565 0.00449928
v 0.01150000 -0.00077235 0.00828792
v 0.01650000 -0.00596760 0.00558040
v 0.01150000 -0.00799999 0.00000000
v 0.01150000 -0.00689565 0.00449928
v 0.01650000 -0.00666347 0.00723895
v 0.01650000 -0.00666347 0.00723895
v 0.01650000 -0.00799999 0.00000000
v 0.01150000 -0.00799999 0.00000000
v 0.01650000 -0.00596760 0.00558040
v 0.01650000 -0.00666347 0.00723895
v 0.01150000 -0.00689565 0.00449928
v 0.01650000 0.00077235 0.00828792
v 0.01650000 -0.00596760 0.00558040
v 0.01150000 -0.00077235 0.00828792
v 0.01650000 0.00689565 0.00449929
v 0.01650000 0.00077235 0.00828792
v 0.01150000 0.00596760 0.00558040
v 0.01650000 0.00800000 0.00000000
v 0.01650000 0.00689565 0.00449929
v 0.01150000 0.00666345 0.00723897
v 0.01650000 -0.00807583 0.00955939
v 0.01150000 -0.00689565 0.00449928
v 0.01150000 -0.00799999 0.01000000
v 0.01150000 -0.00251630 0.00990743
v 0.01150000 -0.00689565 0.00449928
v 0.01650000 -0.00666347 0.00723895
v 0.01650000 -0.00807583 0.00955939
v 0.01650000 -0.00666347 0.00723895
v 0.01150000 -0.00689565 0.00449928
v 0.01150000 -0.00251630 0.00990743
v 0.01650000 -0.00666347 0.00723895
v 0.01650000 -0.00359541 0.00939440
v 0.01150000 -0.00251630 0.00990743
v 0.01650000 -0.00359541 0.00939440
v 0.01650000 0.00251630 0.00990743
v 0.01650000 0.00251630 0.00990743
v 0.01150000 0.00666345 0.00723897
v 0.01150000 0.00359541 0.00939440
v 0.01650000 0.00251630 0.00990743
v 0.01150000 0.00359541 0.00939440
v 0.01150000 -0.00251630 0.00990743
v 0.01150000 0.00807584 0.00955938
v 0.01150000 0.00666345 0.00723897
v 0.01650000 0.00689565 0.00449929
v 0.01650000 0.00251630 0.00990743
v 0.01650000 0.00689565 0.00449929
v 0.01150000 0.00666345 0.00723897
v 0.01150000 0.00807584 0.00955938
v 0.01650000 0.00689565 0.00449929
v 0.01650000 0.00800000 0.01000000
v 0.01650000 0.00077235 0.00828792
v 0.01650000 0.00251630 0.00990743
v 0.01650000 -0.00359541 0.00939440
v 0.01650000 -0.00596760 0.00558040
v 0.01650000 -0.00666347 0.00723895
v 0.01650000 -0.00799999 0.00000000
v 0.01650000 -0.00807583 0.00955939
v 0.01650000 -0.01300000 0.00000000
v 0.01650000 0.00689565 0.00449929
v 0.01650000 0.00800000 0.00000000
v 0.01650000 0.01300000 0.00000000
v 0.01650000 -0.01300000 0.01000000
v 0.01650000 0.01300000 0.01000000
v 0.01650000 0.00800000 0.01000000
v 0.01150000 0.00359541 0.00939440
v 0.01150000 0.00596760 0.00558040
v 0.01150000 -0.00077235 0.00828792
v 0.01150000 0.00666345 0.00723897
v 0.01150000 -0.00251630 0.00990743
v 0.01150000 -0.00799999 0.00000000
v 0.01150000 -0.01300000 0.00000000
v 0.01150000 -0.00689565 0.00449928
v 0.01150000 0.00800000 0.00000000
v 0.01150000 0.00807584 0.00955938
v 0.01150000 -0.01300000 0.01000000
v 0.01150000 -0.00799999 0.01000000
v 0.01150000 0.01300000 0.00000000
v 0.01150000 0.01300000 0.01000000
v 0.01650000 0.01300000 0.00000000
v 0.01150000 0.01300000 0.00000000
v 0.01150000 0.01300000 0.01000000
v 0.01650000 0.01300000 0.01000000
v 0.01150000 0.01300000 0.00000000
v 0.01650000 0.01300000 0.00000000
v 0.01280750 0.01136830 0.00000008
v 0.01150000 0.00800000 0.00000000
v 0.01548570 0.00996829 0.00002658
v 0.01280750 0.01136830 0.00000008
v 0.01650000 0.01300000 0.00000000
v 0.01548570 0.00996829 0.00002658
v 0.01650000 0.01300000 0.00000000
v 0.01650000 0.00800000 0.00000000
v 0.01650000 0.00800000 0.00000000
v 0.01324980 0.00926126 -0.00000105
v 0.01324980 0.00926126 -0.00000105
v 0.01548570 0.00996829 0.00002658
v 0.01650000 0.00800000 0.00000000
v 0.01150000 0.00807584 0.00955938
v 0.01650000 0.00800000 0.01000000
v 0.01309720 0.00931709 0.00995018
v 0.01276650 0.01130620 0.00999186
v 0.01517260 0.01153110 0.00995775
v 0.01150000 0.01300000 0.01000000
v 0.01650000 0.00800000 0.01000000
v 0.01517260 0.01153110 0.00995775
v 0.01309720 0.00931709 0.00995018
v 0.01650000 0.01300000 0.01000000
v 0.01150000 0.01300000 0.01000000
v 0.01517260 0.01153110 0.00995775
v 0.01276650 0.01130620 0.00999186
v 0.01150000 0.01300000 0.01000000
v 0.01150000 0.00807584 0.00955938
v 0.01309720 0.00931709 0.00995018
v 0.01276650 0.01130620 0.00999186
v 0.01150000 0.00807584 0.00955938
v 0.01517260 0.01153110 0.00995775
v 0.01650000 0.00800000 0.01000000
v 0.01650000 0.01300000 0.01000000
v 0.01309720 0.00931709 0.00995018
v 0.01517260 0.01153110 0.00995775
v 0.01548570 0.00996829 0.00002658
v 0.01548570 0.00996829 0.00002658
v 0.01324980 0.00926126 -0.00000105
v 0.01309720 0.00931709 0.00995018
v 0.01309720 0.00931709 0.00995018
v 0.01280750 0.01136830 0.00000008
v 0.01276650 0.01130620 0.00999186
v 0.01517260 0.01153110 0.00995775
v 0.01276650 0.01130620 0.00999186
v 0.01280750 0.01136830 0.00000008
v 0.01324980 0.00926126 -0.00000105
v 0.01280750 0.01136830 0.00000008
v 0.01309720 0.00931709 0.00995018
v 0.01280750 0.01136830 0.00000008
v 0.01548570 0.00996829 0.00002658
v 0.01517260 0.01153110 0.00995775
v 0.00982262 -0.00413908 0.01222030
v 0.00397180 -0.00317394 0.01240000
v 0.00307569 -0.00921785 0.01258940
v 0.01010950 -0.01058150 0.01236360
v 0.00982262 -0.00413908 0.01222030
v 0.00307569 -0.00921785 0.01258940
v 0.00982262 -0.00413908 0.01222030
v 0.00307569 -0.00921785 0.01258940
v 0.00397180 -0.00317394 0.01240000
v 0.00982262 -0.00413908 0.01222030
v 0.01010950 -0.01058150 0.01236360
v 0.00307569 -0.00921785 0.01258940
v 0.00355833 0.01023650 0.01243640
v 0.00292394 0.00372180 0.01240000
v 0.01067190 0.00837142 0.01256320
v 0.00292394 0.00372180 0.01240000
v 0.00873654 0.00212551 0.01244740
v 0.01067190 0.00837142 0.01256320
v 0.00671751 0.00646751 0.01200000
v 0.00873654 0.00212551 0.01244740
v 0.00292394 0.00372180 0.01240000
v 0.00671751 0.00646751 0.01200000
v 0.00292394 0.00372180 0.01240000
v 0.00355833 0.01023650 0.01243640
v 0.00671751 0.00646751 0.01200000
v 0.00355833 0.01023650 0.01243640
v 0.01067190 0.00837142 0.01256320
v 0.01067190 0.00837142 0.01256320
v 0.00873654 0.00212551 0.01244740
v 0.00671751 0.00646751 0.01200000
v 0.00340678 -0.00956546 0.01360000
v 0.00212361 -0.00516129 0.01315850
v 0.00766328 -0.01184670 0.01308660
v 0.00758920 -0.00320813 0.01309500
v 0.01148440 -0.00652110 0.01320000
v 0.00766328 -0.01184670 0.01308660
v 0.00766328 -0.01184670 0.01308660
v 0.00212361 -0.00516129 0.01315850
v 0.00758920 -0.00320813 0.01309500
v 0.00340678 -0.00956546 0.01360000
v 0.00766328 -0.01184670 0.01308660
v 0.01148440 -0.00652110 0.01320000
v 0.00758920 -0.00320813 0.01309500
v 0.00340678 -0.00956546 0.01360000
v 0.01148440 -0.00652110 0.01320000
v 0.00212361 -0.00516129 0.01315850
v 0.00340678 -0.00956546 0.01360000
v 0.00758920 -0.00320813 0.01309500
v -0.00494587 0.00224096 0.01360000
v -0.01002830 0.00354590 0.01301220
v -0.00196585 0.00826804 0.01306540
v -0.01002830 0.00354590 0.01301220
v -0.01053820 0.00976311 0.01323290
v -0.00196585 0.00826804 0.01306540
v -0.00494587 0.00224096 0.01360000
v -0.01053820 0.00976311 0.01323290
v -0.01002830 0.00354590 0.01301220
v -0.01053820 0.00976311 0.01323290
v -0.00494587 0.00224096 0.01360000
v -0.01002830 0.00354590 0.01301220
v -0.00196585 0.00826804 0.01306540
v -0.01053820 0.00976311 0.01323290
v -0.00494587 0.00224096 0.01360000
v -0.00550260 0.00764354 0.01360000
v -0.00554149 0.00525261 0.01360000
v -0.00515348 0.00582500 0.02360000
v -0.00789354 0.00768242 0.01360000
v -0.00550260 0.00764354 0.01360000
v -0.00631639 0.00817198 0.02360000
v -0.00793242 0.00529149 0.01360000
v -0.00789354 0.00768242 0.01360000
v -0.00834832 0.00545349 0.02360000
v -0.00554149 0.00525261 0.01360000
v -0.00793242 0.00529149 0.01360000
v -0.00834832 0.00545349 0.02360000
v -0.00834832 0.00545349 0.02360000
v -0.00515348 0.00582500 0.02360000
v -0.00554149 0.00525261 0.01360000
v -0.00631639 0.00817198 0.02360000
v -0.00834832 0.00545349 0.02360000
v -0.00789354 0.00768242 0.01360000
v -0.00515348 0.00582500 0.02360000
v -0.00631639 0.00817198 0.02360000
v -0.00550260 0.00764354 0.01360000
v -0.00838026 0.00326818 0.01360000
v -0.00793242 0.00529149 0.01360000
v -0.00554149 0.00525261 0.01360000
v -0.01028310 0.00593214 0.01360000
v -0.00789354 0.00768242 0.01360000
v -0.00351818 0.00480477 0.01360000
v -0.00561092 0.00310740 0.01360000
v -0.00885188 0.00949005 0.01360000
v -0.00550260 0.00764354 0.01360000
v -0.00505475 0.00966685 0.01360000
v -0.00335740 0.00757410 0.01360000
v -0.00838026 0.00326818 0.01360000
v -0.00471314 0.00321785 0.02360000
v -0.00861799 0.00348371 0.02360000
v -0.00838026 0.00326818 0.01360000
v -0.00861799 0.00348371 0.02360000
v -0.01022790 0.00564433 0.02360000
v -0.01028310 0.00593214 0.01360000
v -0.01022790 0.00564433 0.02360000
v -0.00912094 0.00928084 0.02360000
v -0.00885188 0.00949005 0.01360000
v -0.00912094 0.00928084 0.02360000
v -0.00532005 0.00979130 0.02360000
v -0.00505475 0.00966685 0.01360000
v -0.00532005 0.00979130 0.02360000
v -0.00320709 0.00729058 0.02360000
v -0.00351818 0.00480477 0.01360000
v -0.00320709 0.00729058 0.02360000
v -0.00471314 0.00321785 0.02360000
v -0.00320709 0.00729058 0.02360000
v -0.00351818 0.00480477 0.01360000
v -0.00335740 0.00757410 0.01360000
v -0.00320709 0.00729058 0.02360000
v -0.00335740 0.00757410 0.01360000
v -0.00505475 0.00966685 0.01360000
v -0.00532005 0.00979130 0.02360000
v -0.00505475 0.00966685 0.01360000
v -0.00885188 0.00949005 0.01360000
v -0.00912094 0.00928084 0.02360000
v -0.00885188 0.00949005 0.01360000
v -0.01028310 0.00593214 0.01360000
v -0.01022790 0.00564433 0.02360000
v -0.01028310 0.00593214 0.01360000
v -0.00838026 0.00326818 0.01360000
v -0.00471314 0.00321785 0.02360000
v -0.00838026 0.00326818 0.01360000
v -0.00561092 0.00310740 0.01360000
v -0.00471314 0.00321785 0.02360000
v -0.00561092 0.00310740 0.01360000
v -0.00351818 0.00480477 0.01360000
v -0.00532005 0.00979130 0.02360000
v -0.00912094 0.00928084 0.02360000
v -0.00631639 0.00817198 0.02360000
v -0.01022790 0.00564433 0.02360000
v -0.00834832 0.00545349 0.02360000
v -0.00861799 0.00348371 0.02360000
v -0.00471314 0.00321785 0.02360000
v -0.00515348 0.00582500 0.02360000
v -0.00320709 0.00729058 0.02360000
v 0.01145810 0.00398202 0.01360000
v 0.00913719 0.00341478 0.01280000
v 0.00774131 0.01150680 0.01317290
v 0.00913719 0.00341478 0.01280000
v 0.01145810 0.00398202 0.01360000
v 0.00183952 0.00496325 0.01316920
v 0.00183952 0.00496325 0.01316920
v 0.00774131 0.01150680 0.01317290
v 0.00913719 0.00341478 0.01280000
v 0.00671752 0.00646752 0.01360000
v 0.01145810 0.00398202 0.01360000
v 0.00774131 0.01150680 0.01317290
v 0.00774131 0.01150680 0.01317290
v 0.00183952 0.00496325 0.01316920
v 0.00671752 0.00646752 0.01360000
v 0.00183952 0.00496325 0.01316920
v 0.01145810 0.00398202 0.01360000
v 0.00671752 0.00646752 0.01360000
v -0.01048650 0.00330833 0.01243640
v -0.00397180 0.00267394 0.01240000
v -0.00862141 0.01042190 0.01256320
v -0.00397180 0.00267394 0.01240000
v -0.00237551 0.00848654 0.01244740
v -0.00862141 0.01042190 0.01256320
v -0.00671751 0.00646751 0.01200000
v -0.00237551 0.00848654 0.01244740
v -0.00397180 0.00267394 0.01240000
v -0.00671751 0.00646751 0.01200000
v -0.00397180 0.00267394 0.01240000
v -0.01048650 0.00330833 0.01243640
v -0.00671751 0.00646751 0.01200000
v -0.01048650 0.00330833 0.01243640
v -0.00862141 0.01042190 0.01256320
v -0.00862141 0.01042190 0.01256320
v -0.00237551 0.00848654 0.01244740
v -0.00671751 0.00646751 0.01200000
v -0.00718492 -0.00209646 0.01315560
v -0.00234362 -0.00639464 0.01346750
v -0.01094840 -0.00776806 0.01293830
v -0.01094840 -0.00776806 0.01293830
v -0.00234362 -0.00639464 0.01346750
v -0.00627110 -0.01173440 0.01320000
v -0.00234362 -0.00639464 0.01346750
v -0.01094840 -0.00776806 0.01293830
v -0.00627110 -0.01173440 0.01320000
v -0.00718492 -0.00209646 0.01315560
v -0.01094840 -0.00776806 0.01293830
v -0.00234362 -0.00639464 0.01346750
v -0.00355833 -0.01073650 0.01243640
v -0.00292394 -0.00422180 0.01240000
v -0.01067190 -0.00887142 0.01256320
v -0.00292394 -0.00422180 0.01240000
v -0.00873654 -0.00262551 0.01244740
v -0.01067190 -0.00887142 0.01256320
v -0.00671751 -0.00696751 0.01200000
v -0.00873654 -0.00262551 0.01244740
v -0.00292394 -0.00422180 0.01240000
v -0.00671751 -0.00696751 0.01200000
v -0.00292394 -0.00422180 0.01240000
v -0.00355833 -0.01073650 0.01243640
v -0.00671751 -0.00696751 0.01200000
v -0.00355833 -0.01073650 0.01243640
v -0.01067190 -0.00887142 0.01256320
v -0.01067190 -0.00887142 0.01256320
v -0.00873654 -0.00262551 0.01244740
v -0.00671751 -0.00696751 0.01200000
v 0.01113230 0.00823958 0.02360000
v -0.00401613 -0.01366160 0.02360000
v -0.00671679 -0.01253350 0.02360000
v -0.00912390 -0.01086860 0.02360000
v -0.01113230 -0.00873958 0.02360000
v -0.01265410 -0.00623954 0.02360000
v -0.01362280 -0.00347772 0.02360000
v -0.01399620 -0.00057484 0.02360000
v -0.01375790 0.00234224 0.02360000
v -0.01291830 0.00514602 0.02360000
v -0.01151410 0.00771398 0.02360000
v -0.00960671 0.00993386 0.02360000
v -0.00727944 0.01170870 0.02360000
v -0.00463403 0.01296080 0.02360000
v -0.00178608 0.01363560 0.02360000
v 0.00113993 0.01370350 0.02360000
v 0.00401613 0.01316160 0.02360000
v 0.00671679 0.01203350 0.02360000
v 0.00912390 0.01036860 0.02360000
v 0.01265410 0.00573954 0.02360000
v 0.01362280 0.00297772 0.02360000
v 0.01399620 0.00007484 0.02360000
v 0.01375790 -0.00284224 0.02360000
v 0.01291830 -0.00564602 0.02360000
v 0.01151410 -0.00821397 0.02360000
v 0.00960671 -0.01043390 0.02360000
v 0.00727944 -0.01220870 0.02360000
v 0.00463402 -0.01346080 0.02360000
v 0.00178607 -0.01413560 0.02360000
v -0.00113994 -0.01420350 0.02360000
v -0.00113994 -0.01420350 0.02360000
v -0.00113995 -0.01420350 0.04790000
v -0.00401614 -0.01366160 0.04790000
v -0.00401613 -0.01366160 0.02360000
v -0.00401614 -0.01366160 0.04790000
v -0.00671680 -0.01253350 0.04790000
v -0.00671679 -0.01253350 0.02360000
v -0.00671680 -0.01253350 0.04790000
v -0.00912390 -0.01086860 0.04790000
v -0.00912390 -0.01086860 0.02360000
v -0.00912390 -0.01086860 0.04790000
v -0.01113230 -0.00873958 0.04790000
v -0.01113230 -0.00873958 0.02360000
v -0.01113230 -0.00873958 0.04790000
v -0.01265410 -0.00623954 0.04790000
v -0.01265410 -0.00623954 0.02360000
v -0.01265410 -0.00623954 0.04790000
v -0.01362280 -0.00347772 0.04790000
v -0.01362280 -0.00347772 0.02360000
v -0.01362280 -0.00347772 0.04790000
v -0.01399620 -0.00057484 0.04790000
v -0.01399620 -0.00057484 0.02360000
v -0.01399620 -0.00057484 0.04790000
v -0.01375790 0.00234224 0.04790000
v -0.01375790 0.00234224 0.02360000
v -0.01375790 0.00234224 0.04790000
v -0.01291830 0.00514602 0.04790000
v -0.01291830 0.00514602 0.02360000
v -0.01291830 0.00514602 0.04790000
v -0.01151410 0.00771398 0.04790000
v -0.01151410 0.00771398 0.02360000
v -0.01151410 0.00771398 0.04790000
v -0.00960672 0.00993386 0.04790000
v -0.00960671 0.00993386 0.02360000
v -0.00960672 0.00993386 0.04790000
v -0.00727945 0.01170870 0.04790000
v -0.00727944 0.01170870 0.02360000
v -0.00727945 0.01170870 0.04790000
v -0.00463403 0.01296080 0.04790000
v -0.00463403 0.01296080 0.02360000
v -0.00463403 0.01296080 0.04790000
v -0.00178608 0.01363560 0.04790000
v -0.00178608 0.01363560 0.02360000
v -0.00178608 0.01363560 0.04790000
v 0.00113993 0.01370350 0.04790000
v 0.00113993 0.01370350 0.02360000
v 0.00113993 0.01370350 0.04790000
v 0.00401612 0.01316160 0.04790000
v 0.00401613 0.01316160 0.02360000
v 0.00401612 0.01316160 0.04790000
v 0.00671678 0.01203350 0.04790000
v 0.00671679 0.01203350 0.02360000
v 0.00671678 0.01203350 0.04790000
v 0.00912389 0.01036860 0.04790000
v 0.00912390 0.01036860 0.02360000
v 0.00912389 0.01036860 0.04790000
v 0.01113230 0.00823958 0.04790000
v 0.01113230 0.00823958 0.02360000
v 0.01113230 0.00823958 0.04790000
v 0.01265410 0.00573954 0.04790000
v 0.01265410 0.00573954 0.02360000
v 0.01265410 0.00573954 0.04790000
v 0.01362280 0.00297772 0.04790000
v 0.01362280 0.00297772 0.02360000
v 0.01362280 0.00297772 0.04790000
v 0.01399620 0.00007484 0.04790000
v 0.01399620 0.00007484 0.02360000
v 0.01399620 0.00007484 0.04790000
v 0.01375790 -0.00284224 0.04790000
v 0.01375790 -0.00284224 0.02360000
v 0.01375790 -0.00284224 0.04790000
v 0.01291830 -0.00564602 0.04790000
v 0.01291830 -0.00564602 0.02360000
v 0.01291830 -0.00564602 0.04790000
v 0.01151410 -0.00821397 0.04790000
v 0.01151410 -0.00821397 0.02360000
v 0.01151410 -0.00821397 0.04790000
v 0.00960670 -0.01043390 0.04790000
v 0.00960671 -0.01043390 0.02360000
v 0.00960670 -0.01043390 0.04790000
v 0.00727943 -0.01220870 0.04790000
v 0.00727944 -0.01220870 0.02360000
v 0.00727943 -0.01220870 0.04790000
v 0.00463401 -0.01346080 0.04790000
v 0.00463402 -0.01346080 0.02360000
v 0.00463401 -0.01346080 0.04790000
v 0.00178606 -0.01413560 0.04790000
v 0.00178607 -0.01413560 0.02360000
v 0.00178606 -0.01413560 0.04790000
v -0.00113995 -0.01420350 0.04790000
v -0.00113994 -0.01420350 0.02360000
v 0.00178607 -0.01413560 0.02360000
v 0.00463402 -0.01346080 0.02360000
v 0.00727944 -0.01220870 0.02360000
v 0.00960671 -0.01043390 0.02360000
v 0.01151410 -0.00821397 0.02360000
v 0.01291830 -0.00564602 0.02360000
v 0.01375790 -0.00284224 0.02360000
v 0.01399620 0.00007484 0.02360000
v 0.01362280 0.00297772 0.02360000
v 0.01265410 0.00573954 0.02360000
v 0.01113230 0.00823958 0.02360000
v 0.00912390 0.01036860 0.02360000
v 0.00671679 0.01203350 0.02360000
v 0.00401613 0.01316160 0.02360000
v 0.00113993 0.01370350 0.02360000
v -0.00178608 0.01363560 0.02360000
v -0.00463403 0.01296080 0.02360000
v -0.00727944 0.01170870 0.02360000
v -0.00960671 0.00993386 0.02360000
v -0.01151410 0.00771398 0.02360000
v -0.01291830 0.00514602 0.02360000
v -0.01375790 0.00234224 0.02360000
v -0.01399620 -0.00057484 0.02360000
v -0.01362280 -0.00347772 0.02360000
v -0.01265410 -0.00623954 0.02360000
v -0.01113230 -0.00873958 0.02360000
v -0.00912390 -0.01086860 0.02360000
v -0.00671679 -0.01253350 0.02360000
v -0.00401613 -0.01366160 0.02360000
v -0.00113995 -0.01420350 0.04790000
v 0.00087811 -0.00912453 0.05237100
v -0.00345032 -0.00845393 0.05242330
v -0.00671680 -0.01253350 0.04790000
v -0.00401614 -0.01366160 0.04790000
v -0.00345032 -0.00845393 0.05242330
v -0.00345032 -0.00845393 0.05242330
v -0.00912390 -0.01086860 0.04790000
v -0.00671680 -0.01253350 0.04790000
v -0.00795918 -0.00445093 0.05242520
v -0.01113230 -0.00873958 0.04790000
v -0.00912390 -0.01086860 0.04790000
v -0.01399620 -0.00057484 0.04790000
v -0.01362280 -0.00347772 0.04790000
v -0.00795918 -0.00445093 0.05242520
v -0.01375790 0.00234224 0.04790000
v -0.01399620 -0.00057484 0.04790000
v -0.00867153 0.00237064 0.05235370
v -0.00867153 0.00237064 0.05235370
v -0.01291830 0.00514602 0.04790000
v -0.01375790 0.00234224 0.04790000
v -0.01151410 0.00771398 0.04790000
v -0.00867153 0.00237064 0.05235370
v -0.00537961 0.00684006 0.05242330
v -0.00727945 0.01170870 0.04790000
v -0.00960672 0.00993386 0.04790000
v -0.00537961 0.00684006 0.05242330
v -0.00537961 0.00684006 0.05242330
v -0.00463403 0.01296080 0.04790000
v -0.00727945 0.01170870 0.04790000
v -0.00087813 0.00862453 0.05237100
v -0.00178608 0.01363560 0.04790000
v -0.00463403 0.01296080 0.04790000
v 0.00113993 0.01370350 0.04790000
v -0.00087813 0.00862453 0.05237100
v 0.00345031 0.00795393 0.05242330
v 0.00671678 0.01203350 0.04790000
v 0.00401612 0.01316160 0.04790000
v 0.00345031 0.00795393 0.05242330
v 0.00912389 0.01036860 0.04790000
v 0.00671678 0.01203350 0.04790000
v 0.00345031 0.00795393 0.05242330
v 0.00724649 0.00494774 0.05237100
v 0.01113230 0.00823958 0.04790000
v 0.00912389 0.01036860 0.04790000
v 0.01265410 0.00573954 0.04790000
v 0.00724649 0.00494774 0.05237100
v 0.00882997 0.00086386 0.05242330
v 0.01399620 0.00007484 0.04790000
v 0.01362280 0.00297772 0.04790000
v 0.00882997 0.00086386 0.05242330
v 0.01375790 -0.00284224 0.04790000
v 0.01399620 0.00007484 0.04790000
v 0.00882997 0.00086386 0.05242330
v 0.00812461 -0.00392678 0.05237100
v 0.01291830 -0.00564602 0.04790000
v 0.01375790 -0.00284224 0.04790000
v 0.01151410 -0.00821397 0.04790000
v 0.00812461 -0.00392678 0.05237100
v 0.00537959 -0.00734006 0.05242330
v 0.00727943 -0.01220870 0.04790000
v 0.00960670 -0.01043390 0.04790000
v 0.00537959 -0.00734006 0.05242330
v 0.00463401 -0.01346080 0.04790000
v 0.00727943 -0.01220870 0.04790000
v 0.00537959 -0.00734006 0.05242330
v 0.00087811 -0.00912453 0.05237100
v 0.00178606 -0.01413560 0.04790000
v 0.00463401 -0.01346080 0.04790000
v 0.00087811 -0.00912453 0.05237100
v -0.00113995 -0.01420350 0.04790000
v 0.00178606 -0.01413560 0.04790000
v 0.00537959 -0.00734006 0.05242330
v 0.00087811 -0.00912453 0.05237100
v 0.00463401 -0.01346080 0.04790000
v 0.00537959 -0.00734006 0.05242330
v 0.00960670 -0.01043390 0.04790000
v 0.01151410 -0.00821397 0.04790000
v 0.00812461 -0.00392678 0.05237100
v 0.01151410 -0.00821397 0.04790000
v 0.01291830 -0.00564602 0.04790000
v 0.00882997 0.00086386 0.05242330
v 0.00812461 -0.00392678 0.05237100
v 0.01375790 -0.00284224 0.04790000
v 0.00882997 0.00086386 0.05242330
v 0.01362280 0.00297772 0.04790000
v 0.01265410 0.00573954 0.04790000
v 0.00724649 0.00494774 0.05237100
v 0.01265410 0.00573954 0.04790000
v 0.01113230 0.00823958 0.04790000
v 0.00345031 0.00795393 0.05242330
v 0.00724649 0.00494774 0.05237100
v 0.00912389 0.01036860 0.04790000
v 0.00345031 0.00795393 0.05242330
v 0.00401612 0.01316160 0.04790000
v 0.00113993 0.01370350 0.04790000
v -0.00087813 0.00862453 0.05237100
v 0.00113993 0.01370350 0.04790000
v -0.00178608 0.01363560 0.04790000
v -0.00537961 0.00684006 0.05242330
v -0.00087813 0.00862453 0.05237100
v -0.00463403 0.01296080 0.04790000
v -0.00537961 0.00684006 0.05242330
v -0.00960672 0.00993386 0.04790000
v -0.01151410 0.00771398 0.04790000
v -0.00867153 0.00237064 0.05235370
v -0.01151410 0.00771398 0.04790000
v -0.01291830 0.00514602 0.04790000
v -0.00795918 -0.00445093 0.05242520
v -0.00867153 0.00237064 0.05235370
v -0.01399620 -0.00057484 0.04790000
v -0.00795918 -0.00445093 0.05242520
v -0.01362280 -0.00347772 0.04790000
v -0.01265410 -0.00623954 0.04790000
v -0.00795918 -0.00445093 0.05242520
v -0.01265410 -0.00623954 0.04790000
v -0.01113230 -0.00873958 0.04790000
v -0.00345032 -0.00845393 0.05242330
v -0.00795918 -0.00445093 0.05242520
v -0.00912390 -0.01086860 0.04790000
v -0.00345032 -0.00845393 0.05242330
v -0.00401614 -0.01366160 0.04790000
v -0.00113995 -0.01420350 0.04790000
v 0.00263624 -0.00906790 0.05639960
v -0.00512284 -0.00765647 0.05639970
v -0.00345032 -0.00845393 0.05242330
v -0.00795918 -0.00445093 0.05242520
v -0.00512284 -0.00765647 0.05639970
v -0.00846094 -0.00302346 0.05640010
v -0.00846094 -0.00302346 0.05640010
v -0.00845907 0.00290733 0.05640010
v -0.00867153 0.00237064 0.05235370
v -0.00845907 0.00290733 0.05640010
v -0.00263626 0.00856790 0.05639960
v -0.00537961 0.00684006 0.05242330
v -0.00263626 0.00856790 0.05639960
v 0.00512282 0.00715647 0.05639970
v 0.00345031 0.00795393 0.05242330
v 0.00724649 0.00494774 0.05237100
v 0.00512282 0.00715647 0.05639970
v 0.00846092 0.00252346 0.05640010
v 0.00846092 0.00252346 0.05640010
v 0.00845905 -0.00340733 0.05640010
v 0.00882997 0.00086386 0.05242330
v 0.00845905 -0.00340733 0.05640010
v 0.00263624 -0.00906790 0.05639960
v 0.00537959 -0.00734006 0.05242330
v 0.00087811 -0.00912453 0.05237100
v 0.00537959 -0.00734006 0.05242330
v 0.00263624 -0.00906790 0.05639960
v 0.00537959 -0.00734006 0.05242330
v 0.00812461 -0.00392678 0.05237100
v 0.00845905 -0.00340733 0.05640010
v 0.00812461 -0.00392678 0.05237100
v 0.00882997 0.00086386 0.05242330
v 0.00845905 -0.00340733 0.05640010
v 0.00882997 0.00086386 0.05242330
v 0.00724649 0.00494774 0.05237100
v 0.00846092 0.00252346 0.05640010
v 0.00724649 0.00494774 0.05237100
v 0.00345031 0.00795393 0.05242330
v 0.00512282 0.00715647 0.05639970
v 0.00345031 0.00795393 0.05242330
v -0.00087813 0.00862453 0.05237100
v -0.00263626 0.00856790 0.05639960
v -0.00087813 0.00862453 0.05237100
v -0.00537961 0.00684006 0.05242330
v -0.00263626 0.00856790 0.05639960
v -0.00537961 0.00684006 0.05242330
v -0.00867153 0.00237064 0.05235370
v -0.00845907 0.00290733 0.05640010
v -0.00867153 0.00237064 0.05235370
v -0.00795918 -0.00445093 0.05242520
v -0.00846094 -0.00302346 0.05640010
v -0.00795918 -0.00445093 0.05242520
v -0.00345032 -0.00845393 0.05242330
v -0.00512284 -0.00765647 0.05639970
v -0.00345032 -0.00845393 0.05242330
v 0.00087811 -0.00912453 0.05237100
v 0.00263624 -0.00906790 0.05639960
v -0.00263626 0.00856790 0.05639960
v -0.00845907 0.00290733 0.05640010
v -0.00078751 0.00398642 0.05640000
v -0.00423643 -0.00103750 0.05640000
v -0.00846094 -0.00302346 0.05640010
v 0.00263624 -0.00906790 0.05639960
v 0.00845905 -0.00340733 0.05640010
v 0.00078749 -0.00448642 0.05640000
v 0.00423641 0.00053750 0.05640000
v 0.00846092 0.00252346 0.05640010
v -0.00512284 -0.00765647 0.05639970
v 0.00512282 0.00715647 0.05639970
v 0.00078749 -0.00448642 0.05640000
v -0.00016625 -0.00431580 0.06320000
v -0.00252497 -0.00276232 0.06320000
v -0.00423643 -0.00103750 0.05640000
v -0.00252497 -0.00276232 0.06320000
v -0.00406581 -0.00008376 0.06320000
v -0.00423643 -0.00103750 0.05640000
v -0.00406581 -0.00008376 0.06320000
v -0.00251233 0.00227496 0.06320000
v -0.00078751 0.00398642 0.05640000
v -0.00251233 0.00227496 0.06320000
v 0.00016623 0.00381580 0.06320000
v -0.00078751 0.00398642 0.05640000
v 0.00016623 0.00381580 0.06320000
v 0.00299561 0.00218543 0.06320000
v 0.00423641 0.00053750 0.05640000
v 0.00299561 0.00218543 0.06320000
v 0.00368356 -0.00009971 0.06320000
v 0.00423641 0.00053750 0.05640000
v 0.00368356 -0.00009971 0.06320000
v 0.00262031 -0.00276445 0.06320000
v 0.00078749 -0.00448642 0.05640000
v 0.00262031 -0.00276445 0.06320000
v -0.00016625 -0.00431580 0.06320000
v 0.00262031 -0.00276445 0.06320000
v 0.00078749 -0.00448642 0.05640000
v 0.00423641 0.00053750 0.05640000
v 0.00299561 0.00218543 0.06320000
v 0.00423641 0.00053750 0.05640000
v -0.00078751 0.00398642 0.05640000
v -0.00251233 0.00227496 0.06320000
v -0.00078751 0.00398642 0.05640000
v -0.00423643 -0.00103750 0.05640000
v -0.00252497 -0.00276232 0.06320000
v -0.00423643 -0.00103750 0.05640000
v 0.00078749 -0.00448642 0.05640000
v 0.00016623 0.00381580 0.06320000
v -0.00251233 0.00227496 0.06320000
v 0.00299561 0.00218543 0.06320000
v -0.00406581 -0.00008376 0.06320000
v -0.00252497 -0.00276232 0.06320000
v 0.00262031 -0.00276445 0.06320000
v -0.00016625 -0.00431580 0.06320000
v -0.00252497 -0.00276232 0.06320000
v 0.00089398 -0.00334144 0.07020000
v -0.00330619 -0.00066882 0.07020000
v -0.00251233 0.00227496 0.06320000
v -0.00330619 -0.00066882 0.07020000
v -0.00037842 0.00284567 0.07020000
v 0.00299561 0.00218543 0.06320000
v -0.00037842 0.00284567 0.07020000
v 0.00309143 0.00064399 0.07020000
v 0.00368356 -0.00009971 0.06320000
v 0.00309143 0.00064399 0.07020000
v 0.00089398 -0.00334144 0.07020000
v 0.00089398 -0.00334144 0.07020000
v -0.00252497 -0.00276232 0.06320000
v 0.00262031 -0.00276445 0.06320000
v 0.00089398 -0.00334144 0.07020000
v 0.00262031 -0.00276445 0.06320000
v 0.00368356 -0.00009971 0.06320000
v 0.00309143 0.00064399 0.07020000
v 0.00368356 -0.00009971 0.06320000
v 0.00299561 0.00218543 0.06320000
v -0.00037842 0.00284567 0.07020000
v 0.00299561 0.00218543 0.06320000
v -0.00251233 0.00227496 0.06320000
v -0.00330619 -0.00066882 0.07020000
v -0.00251233 0.00227496 0.06320000
v -0.00252497 -0.00276232 0.06320000
v 0.00089398 -0.00334144 0.07020000
v 0.00309143 0.00064399 0.07020000
v -0.00037842 0.00284567 0.07020000
v -0.00330619 -0.00066882 0.07020000
v 0.00550261 -0.00814354 0.01360000
v 0.00554149 -0.00575261 0.01360000
v 0.00515348 -0.00632499 0.02360000
v 0.00789354 -0.00818242 0.01360000
v 0.00550261 -0.00814354 0.01360000
v 0.00586149 -0.00836480 0.02360000
v 0.00793242 -0.00579149 0.01360000
v 0.00789354 -0.00818242 0.01360000
v 0.00821461 -0.00787571 0.02360000
v 0.00554149 -0.00575261 0.01360000
v 0.00793242 -0.00579149 0.01360000
v 0.00736004 -0.00540348 0.02360000
v 0.00736004 -0.00540348 0.02360000
v 0.00515348 -0.00632499 0.02360000
v 0.00554149 -0.00575261 0.01360000
v 0.00821461 -0.00787571 0.02360000
v 0.00736004 -0.00540348 0.02360000
v 0.00793242 -0.00579149 0.01360000
v 0.00586149 -0.00836480 0.02360000
v 0.00821461 -0.00787571 0.02360000
v 0.00789354 -0.00818242 0.01360000
v 0.00515348 -0.00632499 0.02360000
v 0.00586149 -0.00836480 0.02360000
v 0.00550261 -0.00814354 0.01360000
v 0.00838026 -0.00376818 0.01360000
v 0.00793242 -0.00579149 0.01360000
v 0.00554149 -0.00575261 0.01360000
v 0.01028310 -0.00643215 0.01360000
v 0.00789354 -0.00818242 0.01360000
v 0.00321418 -0.00577677 0.01360000
v 0.00561092 -0.00360740 0.01360000
v 0.00924645 -0.00953754 0.01360000
v 0.00550261 -0.00814354 0.01360000
v 0.00673162 -0.01050510 0.01360000
v 0.00414757 -0.00949653 0.01360000
v 0.00321418 -0.00577677 0.01360000
v 0.00311948 -0.00610416 0.02360000
v 0.00589442 -0.00345710 0.02360000
v 0.00838026 -0.00376818 0.01360000
v 0.00589442 -0.00345710 0.02360000
v 0.00907374 -0.00423828 0.02360000
v 0.01028310 -0.00643215 0.01360000
v 0.00907374 -0.00423828 0.02360000
v 0.01031040 -0.00726959 0.02360000
v 0.00924645 -0.00953754 0.01360000
v 0.01031040 -0.00726959 0.02360000
v 0.00896801 -0.00969702 0.02360000
v 0.00924645 -0.00953754 0.01360000
v 0.00896801 -0.00969702 0.02360000
v 0.00641536 -0.01056040 0.02360000
v 0.00414757 -0.00949653 0.01360000
v 0.00641536 -0.01056040 0.02360000
v 0.00398800 -0.00921799 0.02360000
v 0.00414757 -0.00949653 0.01360000
v 0.00398800 -0.00921799 0.02360000
v 0.00311948 -0.00610416 0.02360000
v 0.00311948 -0.00610416 0.02360000
v 0.00321418 -0.00577677 0.01360000
v 0.00414757 -0.00949653 0.01360000
v 0.00641536 -0.01056040 0.02360000
v 0.00414757 -0.00949653 0.01360000
v 0.00673162 -0.01050510 0.01360000
v 0.00641536 -0.01056040 0.02360000
v 0.00673162 -0.01050510 0.01360000
v 0.00924645 -0.00953754 0.01360000
v 0.01031040 -0.00726959 0.02360000
v 0.00924645 -0.00953754 0.01360000
v 0.01028310 -0.00643215 0.01360000
v 0.00907374 -0.00423828 0.02360000
v 0.01028310 -0.00643215 0.01360000
v 0.00838026 -0.00376818 0.01360000
v 0.00589442 -0.00345710 0.02360000
v 0.00838026 -0.00376818 0.01360000
v 0.00561092 -0.00360740 0.01360000
v 0.00589442 -0.00345710 0.02360000
v 0.00561092 -0.00360740 0.01360000
v 0.00321418 -0.00577677 0.01360000
v 0.00311948 -0.00610416 0.02360000
v 0.00398800 -0.00921799 0.02360000
v 0.00586149 -0.00836480 0.02360000
v 0.00821461 -0.00787571 0.02360000
v 0.00641536 -0.01056040 0.02360000
v 0.01031040 -0.00726959 0.02360000
v 0.00907374 -0.00423828 0.02360000
v 0.00736004 -0.00540348 0.02360000
v 0.00589442 -0.00345710 0.02360000
v 0.00515348 -0.00632499 0.02360000
v 0.00896801 -0.00969702 0.02360000
v 0.00793243 0.00764354 0.01360000
v 0.00726210 0.00467341 0.01360000
v 0.00852747 0.00633500 0.02360000
v 0.00511631 0.00732170 0.01360000
v 0.00793243 0.00764354 0.01360000
v 0.00631802 0.00811051 0.02360000
v 0.00726210 0.00467341 0.01360000
v 0.00511631 0.00732170 0.01360000
v 0.00529924 0.00524118 0.02360000
v 0.00631802 0.00811051 0.02360000
v 0.00529924 0.00524118 0.02360000
v 0.00511631 0.00732170 0.01360000
v 0.00852747 0.00633500 0.02360000
v 0.00631802 0.00811051 0.02360000
v 0.00793243 0.00764354 0.01360000
v 0.00529924 0.00524118 0.02360000
v 0.00852747 0.00633500 0.02360000
v 0.00726210 0.00467341 0.01360000
v 0.00838027 0.00966685 0.01360000
v 0.00793243 0.00764354 0.01360000
v 0.00511631 0.00732170 0.01360000
v 0.00505477 0.00326818 0.01360000
v 0.00335740 0.00536092 0.01360000
v 0.00351818 0.00813026 0.01360000
v 0.01028310 0.00700288 0.01360000
v 0.00726210 0.00467341 0.01360000
v 0.00561092 0.00982763 0.01360000
v 0.00885188 0.00344498 0.01360000
v 0.00351818 0.00813026 0.01360000
v 0.00346785 0.00446314 0.02360000
v 0.00373371 0.00836798 0.02360000
v 0.00351818 0.00813026 0.01360000
v 0.00373371 0.00836798 0.02360000
v 0.00589441 0.00997793 0.02360000
v 0.00838027 0.00966685 0.01360000
v 0.00589441 0.00997793 0.02360000
v 0.00953085 0.00887093 0.02360000
v 0.01028310 0.00700288 0.01360000
v 0.00953085 0.00887093 0.02360000
v 0.01004130 0.00507003 0.02360000
v 0.00885188 0.00344498 0.01360000
v 0.01004130 0.00507003 0.02360000
v 0.00754060 0.00295710 0.02360000
v 0.00505477 0.00326818 0.01360000
v 0.00754060 0.00295710 0.02360000
v 0.00346785 0.00446314 0.02360000
v 0.00754060 0.00295710 0.02360000
v 0.00505477 0.00326818 0.01360000
v 0.00885188 0.00344498 0.01360000
v 0.01004130 0.00507003 0.02360000
v 0.00885188 0.00344498 0.01360000
v 0.01028310 0.00700288 0.01360000
v 0.00953085 0.00887093 0.02360000
v 0.01028310 0.00700288 0.01360000
v 0.00838027 0.00966685 0.01360000
v 0.00589441 0.00997793 0.02360000
v 0.00838027 0.00966685 0.01360000
v 0.00561092 0.00982763 0.01360000
v 0.00589441 0.00997793 0.02360000
v 0.00561092 0.00982763 0.01360000
v 0.00351818 0.00813026 0.01360000
v 0.00346785 0.00446314 0.02360000
v 0.00351818 0.00813026 0.01360000
v 0.00335740 0.00536092 0.01360000
v 0.00346785 0.00446314 0.02360000
v 0.00335740 0.00536092 0.01360000
v 0.00505477 0.00326818 0.01360000
v 0.01004130 0.00507003 0.02360000
v 0.00953085 0.00887093 0.02360000
v 0.00852747 0.00633500 0.02360000
v 0.00589441 0.00997793 0.02360000
v 0.00631802 0.00811051 0.02360000
v 0.00373371 0.00836798 0.02360000
v 0.00529924 0.00524118 0.02360000
v 0.00346785 0.00446314 0.02360000
v 0.00754060 0.00295710 0.02360000
v -0.17451900 -0.01364910 0.00032122
v -0.17454600 -0.00799424 0.01108790
v -0.17450500 -0.01217690 0.00594404
v -0.17456000 0.01361660 -0.00027984
v -0.17457400 0.00695830 -0.01176250
v -0.17450400 0.01186530 -0.00663850
v -0.17455401 0.00960475 0.00974814
v -0.17509000 0.00963195 0.00826744
v -0.17456000 0.01361660 -0.00027984
v -0.17457400 0.00695830 -0.01176250
v -0.17456000 0.01361660 -0.00027984
v -0.17488900 0.01223240 -0.00338213
v -0.17454600 -0.00799424 0.01108790
v -0.17451900 -0.01364910 0.00032122
v -0.17487000 -0.01031900 0.00759311
v -0.17509000 0.00963195 0.00826744
v -0.17488900 0.01223240 -0.00338213
v -0.17456000 0.01361660 -0.00027984
v -0.17457400 0.00695830 -0.01176250
v -0.17488900 0.01223240 -0.00338213
v -0.17650799 0.00671616 -0.01075820
v -0.17451900 -0.01364910 0.00032122
v -0.17490900 -0.01221420 -0.00189139
v -0.17487000 -0.01031900 0.00759311
v -0.17473400 0.00138026 0.01297540
v -0.17454600 -0.00799424 0.01108790
v -0.17487000 -0.01031900 0.00759311
v -0.17458300 -0.00985101 -0.00936139
v -0.17490900 -0.01221420 -0.00189139
v -0.17451900 -0.01364910 0.00032122
v -0.17472200 -0.00374088 -0.01294210
v -0.17457400 0.00695830 -0.01176250
v -0.17650799 0.00671616 -0.01075820
v -0.17473400 0.00138026 0.01297540
v -0.17509000 0.00963195 0.00826744
v -0.17455401 0.00960475 0.00974814
v -0.17509300 -0.00747037 -0.01004220
v -0.17458300 -0.00985101 -0.00936139
v -0.17472200 -0.00374088 -0.01294210
v -0.17488900 0.01223240 -0.00338213
v -0.17509000 0.00963195 0.00826744
v -0.17799500 0.01161600 0.00480365
v -0.17509300 -0.00747037 -0.01004220
v -0.17784300 -0.01091980 -0.00643227
v -0.17458300 -0.00985101 -0.00936139
v -0.17784300 -0.01091980 -0.00643227
v -0.17490900 -0.01221420 -0.00189139
v -0.17458300 -0.00985101 -0.00936139
v -0.17827301 -0.01338580 -0.00011588
v -0.17487000 -0.01031900 0.00759311
v -0.17490900 -0.01221420 -0.00189139
v -0.17487000 -0.01031900 0.00759311
v -0.17792900 -0.00869718 0.00909232
v -0.17783600 -0.00267812 0.01214110
v -0.17783600 -0.00267812 0.01214110
v -0.17473400 0.00138026 0.01297540
v -0.17487000 -0.01031900 0.00759311
v -0.17784300 -0.01091980 -0.00643227
v -0.17827301 -0.01338580 -0.00011588
v -0.17490900 -0.01221420 -0.00189139
v -0.17792900 -0.00869718 0.00909232
v -0.17487000 -0.01031900 0.00759311
v -0.17827301 -0.01338580 -0.00011588
v -0.17650799 0.00671616 -0.01075820
v -0.17488900 0.01223240 -0.00338213
v -0.17792100 0.01185720 -0.00475407
v -0.17792100 0.01185720 -0.00475407
v -0.17488900 0.01223240 -0.00338213
v -0.17799500 0.01161600 0.00480365
v -0.17783600 -0.00267812 0.01214110
v -0.17831901 0.00387537 0.01288080
v -0.17473400 0.00138026 0.01297540
v -0.17831901 0.00387537 0.01288080
v -0.17509000 0.00963195 0.00826744
v -0.17473400 0.00138026 0.01297540
v -0.17799500 0.01161600 0.00480365
v -0.17509000 0.00963195 0.00826744
v -0.17831901 0.00387537 0.01288080
v -0.17810901 -0.00221328 -0.01234630
v -0.17472200 -0.00374088 -0.01294210
v -0.17650799 0.00671616 -0.01075820
v -0.17810901 -0.00221328 -0.01234630
v -0.17509300 -0.00747037 -0.01004220
v -0.17472200 -0.00374088 -0.01294210
v -0.17810901 -0.00221328 -0.01234630
v -0.17784300 -0.01091980 -0.00643227
v -0.17509300 -0.00747037 -0.01004220
v -0.17783600 -0.00267812 0.01214110
v -0.17845701 -0.00229377 0.01342530
v -0.17831901 0.00387537 0.01288080
v -0.17844900 0.01230410 0.00587564
v -0.17799500 0.01161600 0.00480365
v -0.17831901 0.00387537 0.01288080
v -0.17792900 -0.00869718 0.00909232
v -0.17845701 -0.00229377 0.01342530
v -0.17783600 -0.00267812 0.01214110
v -0.17799500 0.01161600 0.00480365
v -0.17846200 0.01032730 -0.00872334
v -0.17792100 0.01185720 -0.00475407
v -0.17846200 0.01032730 -0.00872334
v -0.17799500 0.01161600 0.00480365
v -0.17850401 0.01268530 -0.00489453
v -0.17810901 -0.00221328 -0.01234630
v -0.17849100 -0.00494129 -0.01272850
v -0.17843400 -0.01235300 -0.00557795
v -0.17792100 0.01185720 -0.00475407
v -0.17846200 0.01032730 -0.00872334
v -0.17650799 0.00671616 -0.01075820
v -0.17827301 -0.01338580 -0.00011588
v -0.17784300 -0.01091980 -0.00643227
v -0.17843400 -0.01235300 -0.00557795
v -0.17784300 -0.01091980 -0.00643227
v -0.17810901 -0.00221328 -0.01234630
v -0.17843400 -0.01235300 -0.00557795
v -0.17810901 -0.00221328 -0.01234630
v -0.17650799 0.00671616 -0.01075820
v -0.17846200 0.01032730 -0.00872334
v -0.17849100 -0.00494129 -0.01272850
v -0.17810901 -0.00221328 -0.01234630
v -0.17841600 0.00138241 -0.01349080
v -0.17844900 0.01230410 0.00587564
v -0.17850401 0.01268530 -0.00489453
v -0.17799500 0.01161600 0.00480365
v -0.17841600 0.00138241 -0.01349080
v -0.17810901 -0.00221328 -0.01234630
v -0.17846200 0.01032730 -0.00872334
v -0.17849199 -0.01176390 0.00693283
v -0.17792900 -0.00869718 0.00909232
v -0.17827301 -0.01338580 -0.00011588
v -0.17792900 -0.00869718 0.00909232
v -0.17849199 -0.01176390 0.00693283
v -0.17845701 -0.00229377 0.01342530
v -0.17844900 0.01230410 0.00587564
v -0.17831901 0.00387537 0.01288080
v -0.17455401 0.00960475 0.00974814
v -0.17845701 -0.00229377 0.01342530
v -0.17849199 -0.01176390 0.00693283
v -0.17454600 -0.00799424 0.01108790
v -0.17458300 -0.00985101 -0.00936139
v -0.17843400 -0.01235300 -0.00557795
v -0.17849100 -0.00494129 -0.01272850
v -0.17457400 0.00695830 -0.01176250
v -0.17841600 0.00138241 -0.01349080
v -0.17846200 0.01032730 -0.00872334
v -0.17456000 0.01361660 -0.00027984
v -0.17850401 0.01268530 -0.00489453
v -0.17844900 0.01230410 0.00587564
v -0.17450500 -0.01217690 0.00594404
v -0.17454600 -0.00799424 0.01108790
v -0.17849199 -0.01176390 0.00693283
v -0.17451900 -0.01364910 0.00032122
v -0.17450500 -0.01217690 0.00594404
v -0.17849199 -0.01176390 0.00693283
v -0.17843400 -0.01235300 -0.00557795
v -0.17451900 -0.01364910 0.00032122
v -0.17827301 -0.01338580 -0.00011588
v -0.17472200 -0.00374088 -0.01294210
v -0.17458300 -0.00985101 -0.00936139
v -0.17849100 -0.00494129 -0.01272850
v -0.17450400 0.01186530 -0.00663850
v -0.17457400 0.00695830 -0.01176250
v -0.17846200 0.01032730 -0.00872334
v -0.17456000 0.01361660 -0.00027984
v -0.17450400 0.01186530 -0.00663850
v -0.17850401 0.01268530 -0.00489453
v -0.17831901 0.00387537 0.01288080
v -0.17845701 -0.00229377 0.01342530
v -0.17473400 0.00138026 0.01297540
v -0.17846200 0.01032730 -0.00872334
v -0.17850401 0.01268530 -0.00489453
v -0.17450400 0.01186530 -0.00663850
v -0.17849100 -0.00494129 -0.01272850
v -0.17841600 0.00138241 -0.01349080
v -0.17472200 -0.00374088 -0.01294210
v -0.17849199 -0.01176390 0.00693283
v -0.17827301 -0.01338580 -0.00011588
v -0.17451900 -0.01364910 0.00032122
v -0.17831901 0.00387537 0.01288080
v -0.17473400 0.00138026 0.01297540
v -0.17455401 0.00960475 0.00974814
v -0.17844900 0.01230410 0.00587564
v -0.17455401 0.00960475 0.00974814
v -0.17456000 0.01361660 -0.00027984
v -0.17841600 0.00138241 -0.01349080
v -0.17457400 0.00695830 -0.01176250
v -0.17472200 -0.00374088 -0.01294210
v -0.17843400 -0.01235300 -0.00557795
v -0.17458300 -0.00985101 -0.00936139
v -0.17451900 -0.01364910 0.00032122
v -0.17845701 -0.00229377 0.01342530
v -0.17454600 -0.00799424 0.01108790
v -0.17473400 0.00138026 0.01297540
v -0.00789354 -0.00575260 0.01360000
v -0.00550261 -0.00579149 0.01360000
v -0.00794385 -0.00554925 0.02360000
v -0.00793242 -0.00814354 0.01360000
v -0.00789354 -0.00575260 0.01360000
v -0.00794385 -0.00554925 0.02360000
v -0.00554149 -0.00818242 0.01360000
v -0.00793242 -0.00814354 0.01360000
v -0.00685003 -0.00877747 0.02360000
v -0.00550261 -0.00579149 0.01360000
v -0.00554149 -0.00818242 0.01360000
v -0.00507452 -0.00656803 0.02360000
v -0.00507452 -0.00656803 0.02360000
v -0.00794385 -0.00554925 0.02360000
v -0.00550261 -0.00579149 0.01360000
v -0.00685003 -0.00877747 0.02360000
v -0.00507452 -0.00656803 0.02360000
v -0.00554149 -0.00818242 0.01360000
v -0.00794385 -0.00554925 0.02360000
v -0.00685003 -0.00877747 0.02360000
v -0.00793242 -0.00814354 0.01360000
v -0.00315185 -0.00643219 0.01360000
v -0.00554149 -0.00818242 0.01360000
v -0.00550261 -0.00579149 0.01360000
v -0.00618210 -0.01053310 0.01360000
v -0.00793242 -0.00814354 0.01360000
v -0.00464956 -0.00409724 0.01360000
v -0.00928751 -0.00949650 0.01360000
v -0.00384725 -0.00903548 0.01360000
v -0.00725283 -0.00340185 0.01360000
v -0.00789354 -0.00575260 0.01360000
v -0.01022080 -0.00577668 0.01360000
v -0.00315185 -0.00643219 0.01360000
v -0.00390416 -0.00456412 0.02360000
v -0.00356239 -0.00890050 0.02360000
v -0.00618210 -0.01053310 0.01360000
v -0.00356239 -0.00890050 0.02360000
v -0.00758105 -0.01056550 0.02360000
v -0.00928751 -0.00949650 0.01360000
v -0.00758105 -0.01056550 0.02360000
v -0.01000880 -0.00826451 0.02360000
v -0.01022080 -0.00577668 0.01360000
v -0.01000880 -0.00826451 0.02360000
v -0.01004130 -0.00557003 0.02360000
v -0.01022080 -0.00577668 0.01360000
v -0.01004130 -0.00557003 0.02360000
v -0.00754060 -0.00345710 0.02360000
v -0.00725283 -0.00340185 0.01360000
v -0.00754060 -0.00345710 0.02360000
v -0.00390416 -0.00456412 0.02360000
v -0.00390416 -0.00456412 0.02360000
v -0.00464956 -0.00409724 0.01360000
v -0.00725283 -0.00340185 0.01360000
v -0.00754060 -0.00345710 0.02360000
v -0.00725283 -0.00340185 0.01360000
v -0.01022080 -0.00577668 0.01360000
v -0.01000880 -0.00826451 0.02360000
v -0.01022080 -0.00577668 0.01360000
v -0.00928751 -0.00949650 0.01360000
v -0.00758105 -0.01056550 0.02360000
v -0.00928751 -0.00949650 0.01360000
v -0.00618210 -0.01053310 0.01360000
v -0.00356239 -0.00890050 0.02360000
v -0.00618210 -0.01053310 0.01360000
v -0.00384725 -0.00903548 0.01360000
v -0.00356239 -0.00890050 0.02360000
v -0.00384725 -0.00903548 0.01360000
v -0.00315185 -0.00643219 0.01360000
v -0.00390416 -0.00456412 0.02360000
v -0.00315185 -0.00643219 0.01360000
v -0.00464956 -0.00409724 0.01360000
v -0.01004130 -0.00557003 0.02360000
v -0.01000880 -0.00826451 0.02360000
v -0.00794385 -0.00554925 0.02360000
v -0.00390416 -0.00456412 0.02360000
v -0.00507452 -0.00656803 0.02360000
v -0.00758105 -0.01056550 0.02360000
v -0.00356239 -0.00890050 0.02360000
v -0.00685003 -0.00877747 0.02360000
v -0.00754060 -0.00345710 0.02360000
v -0.17450300 0.01152460 -0.00168159
v -0.17450000 0.00212402 -0.01117810
v -0.17624100 0.00745838 -0.00845337
v -0.17544700 0.00618123 0.00955145
v -0.17841201 0.00386473 0.00932529
v -0.17836501 0.00862093 0.00545826
v -0.17450000 0.00212402 -0.01117810
v -0.17840600 0.00501297 -0.00894154
v -0.17841201 -0.00257780 -0.01004610
v -0.17450000 0.00212402 -0.01117810
v -0.17841201 -0.00257780 -0.01004610
v -0.17841201 -0.00787919 -0.00631007
v -0.17511100 -0.01100890 -0.00064354
v -0.17841201 -0.00787919 -0.00631007
v -0.17837600 -0.01002990 -0.00138429
v -0.17450000 -0.00871018 0.00744245
v -0.17511100 -0.01100890 -0.00064354
v -0.17833599 -0.00654261 0.00807035
v -0.17453700 -0.00130853 0.01127960
v -0.17833599 -0.00654261 0.00807035
v -0.17838401 -0.00209401 0.01005110
v -0.17838401 -0.00209401 0.01005110
v -0.17544700 0.00618123 0.00955145
v -0.17453700 -0.00130853 0.01127960
v -0.17833599 -0.00654261 0.00807035
v -0.17453700 -0.00130853 0.01127960
v -0.17450000 -0.00871018 0.00744245
v -0.17841201 -0.00787919 -0.00631007
v -0.17511100 -0.01100890 -0.00064354
v -0.17467900 -0.00585158 -0.00990137
v -0.17841201 -0.00787919 -0.00631007
v -0.17467900 -0.00585158 -0.00990137
v -0.17450000 0.00212402 -0.01117810
v -0.17840600 0.00501297 -0.00894154
v -0.17450000 0.00212402 -0.01117810
v -0.17450300 0.01152460 -0.00168159
v -0.17844300 0.00989037 -0.00241299
v -0.17450300 0.01152460 -0.00168159
v -0.17461701 0.00977706 0.00492341
v -0.17836501 0.00862093 0.00545826
v -0.17461701 0.00977706 0.00492341
v -0.17544700 0.00618123 0.00955145
v -0.17841201 0.00386473 0.00932529
v -0.17544700 0.00618123 0.00955145
v -0.17838401 -0.00209401 0.01005110
v -0.17844300 0.00989037 -0.00241299
v -0.17840600 0.00501297 -0.00894154
v -0.17450300 0.01152460 -0.00168159
v -0.17836501 0.00862093 0.00545826
v -0.17844300 0.00989037 -0.00241299
v -0.17461701 0.00977706 0.00492341
v -0.17827800 -0.01080520 0.00356078
v -0.17833599 -0.00654261 0.00807035
v -0.17511100 -0.01100890 -0.00064354
v -0.17806600 0.00236873 0.01107700
v -0.17841201 0.00386473 0.00932529
v -0.17838401 -0.00209401 0.01005110
v -0.17544700 0.00618123 0.00955145
v -0.17850100 0.01057040 0.00430327
v -0.17836501 0.00862093 0.00545826
v -0.17824900 0.01084580 -0.00351145
v -0.17840600 0.00501297 -0.00894154
v -0.17844300 0.00989037 -0.00241299
v -0.17836900 -0.00967754 -0.00616863
v -0.17827800 -0.01080520 0.00356078
v -0.17837600 -0.01002990 -0.00138429
v -0.17827800 -0.01080520 0.00356078
v -0.17511100 -0.01100890 -0.00064354
v -0.17837600 -0.01002990 -0.00138429
v -0.17837600 -0.01002990 -0.00138429
v -0.17841201 -0.00787919 -0.00631007
v -0.17836900 -0.00967754 -0.00616863
v -0.17836501 0.00862093 0.00545826
v -0.17841201 0.00386473 0.00932529
v -0.17544700 0.00618123 0.00955145
v -0.17841201 0.00386473 0.00932529
v -0.17806600 0.00236873 0.01107700
v -0.17544700 0.00618123 0.00955145
v -0.17624100 0.00745838 -0.00845337
v -0.17812499 0.00263956 -0.01092240
v -0.17840600 0.00501297 -0.00894154
v -0.17836900 -0.00967754 -0.00616863
v -0.17841201 -0.00787919 -0.00631007
v -0.17841201 -0.00257780 -0.01004610
v -0.17850100 0.01057040 0.00430327
v -0.17824900 0.01084580 -0.00351145
v -0.17844300 0.00989037 -0.00241299
v -0.17841201 -0.00257780 -0.01004610
v -0.17840600 0.00501297 -0.00894154
v -0.17812499 0.00263956 -0.01092240
v -0.17824900 0.01084580 -0.00351145
v -0.17624100 0.00745838 -0.00845337
v -0.17840600 0.00501297 -0.00894154
v -0.17844300 0.00989037 -0.00241299
v -0.17836501 0.00862093 0.00545826
v -0.17850100 0.01057040 0.00430327
v -0.17827800 -0.01080520 0.00356078
v -0.17836900 -0.00967754 -0.00616863
v -0.17511100 -0.01100890 -0.00064354
v -0.17836900 -0.00967754 -0.00616863
v -0.17841201 -0.00257780 -0.01004610
v -0.17467900 -0.00585158 -0.00990137
v -0.17850100 0.01057040 0.00430327
v -0.17544700 0.00618123 0.00955145
v -0.17461701 0.00977706 0.00492341
v -0.17850100 0.01057040 0.00430327
v -0.17461701 0.00977706 0.00492341
v -0.17824900 0.01084580 -0.00351145
v -0.17833599 -0.00654261 0.00807035
v -0.17453700 -0.00130853 0.01127960
v -0.17838401 -0.00209401 0.01005110
v -0.17812499 0.00263956 -0.01092240
v -0.17467900 -0.00585158 -0.00990137
v -0.17841201 -0.00257780 -0.01004610
v -0.17806600 0.00236873 0.01107700
v -0.17838401 -0.00209401 0.01005110
v -0.17453700 -0.00130853 0.01127960
v -0.17833599 -0.00654261 0.00807035
v -0.17450000 -0.00871018 0.00744245
v -0.17453700 -0.00130853 0.01127960
v -0.17833599 -0.00654261 0.00807035
v -0.17827800 -0.01080520 0.00356078
v -0.17450000 -0.00871018 0.00744245
v -0.17511100 -0.01100890 -0.00064354
v -0.17450000 -0.00871018 0.00744245
v -0.17827800 -0.01080520 0.00356078
v -0.17467900 -0.00585158 -0.00990137
v -0.17511100 -0.01100890 -0.00064354
v -0.17836900 -0.00967754 -0.00616863
v -0.17450000 0.00212402 -0.01117810
v -0.17467900 -0.00585158 -0.00990137
v -0.17812499 0.00263956 -0.01092240
v -0.17812499 0.00263956 -0.01092240
v -0.17624100 0.00745838 -0.00845337
v -0.17450000 0.00212402 -0.01117810
v -0.17824900 0.01084580 -0.00351145
v -0.17450300 0.01152460 -0.00168159
v -0.17624100 0.00745838 -0.00845337
v -0.17824900 0.01084580 -0.00351145
v -0.17461701 0.00977706 0.00492341
v -0.17450300 0.01152460 -0.00168159
v -0.17453700 -0.00130853 0.01127960
v -0.17544700 0.00618123 0.00955145
v -0.17806600 0.00236873 0.01107700
v -0.19818000 -0.00921295 -0.00352952
v -0.19456500 -0.00857924 0.00201740
v -0.19453999 -0.00873304 -0.00146397
v -0.19818000 -0.00921295 -0.00352952
v -0.19453999 -0.00873304 -0.00146397
v -0.19481900 -0.00560073 -0.00661957
v -0.19838201 -0.00071394 -0.00959529
v -0.19481900 -0.00560073 -0.00661957
v -0.19810000 0.00041161 -0.00869915
v -0.19847400 0.00964353 -0.00110126
v -0.19834600 0.00604287 -0.00639654
v -0.19477800 0.00870460 -0.00103203
v -0.19810000 0.00041161 -0.00869915
v -0.19834600 0.00604287 -0.00639654
v -0.19838201 -0.00071394 -0.00959529
v -0.19481900 -0.00560073 -0.00661957
v -0.19838201 -0.00071394 -0.00959529
v -0.19818000 -0.00921295 -0.00352952
v -0.19847400 0.00964353 -0.00110126
v -0.19477800 0.00870460 -0.00103203
v -0.19445799 0.00753388 0.00449215
v -0.19786400 0.00846716 0.00458127
v -0.19445799 0.00753388 0.00449215
v -0.19830599 0.00298577 0.00846458
v -0.19809499 -0.00589915 0.00743104
v -0.19452700 -0.00110277 0.00872854
v -0.19451401 -0.00538010 0.00679653
v -0.19456500 -0.00857924 0.00201740
v -0.19818000 -0.00921295 -0.00352952
v -0.19809499 -0.00589915 0.00743104
v -0.19452700 -0.00110277 0.00872854
v -0.19809499 -0.00589915 0.00743104
v -0.19830599 0.00298577 0.00846458
v -0.19445799 0.00753388 0.00449215
v -0.19786400 0.00846716 0.00458127
v -0.19847400 0.00964353 -0.00110126
v -0.19810000 0.00041161 -0.00869915
v -0.19457699 -0.00615183 -0.00729784
v -0.19473900 0.00150779 -0.00945785
v -0.19834600 0.00604287 -0.00639654
v -0.19473900 0.00150779 -0.00945785
v -0.19480500 0.00751150 -0.00556048
v -0.19480500 0.00751150 -0.00556048
v -0.19477800 0.00870460 -0.00103203
v -0.19834600 0.00604287 -0.00639654
v -0.19473900 0.00150779 -0.00945785
v -0.19834600 0.00604287 -0.00639654
v -0.19810000 0.00041161 -0.00869915
v -0.19457699 -0.00615183 -0.00729784
v -0.19810000 0.00041161 -0.00869915
v -0.19481900 -0.00560073 -0.00661957
v -0.19809499 -0.00589915 0.00743104
v -0.19451401 -0.00538010 0.00679653
v -0.19456500 -0.00857924 0.00201740
v -0.19488899 0.00346298 0.00869538
v -0.19452700 -0.00110277 0.00872854
v -0.19830599 0.00298577 0.00846458
v -0.19834600 0.00604287 -0.00639654
v -0.19473900 0.00150779 -0.00945785
v -0.19838201 -0.00071394 -0.00959529
v -0.19847400 0.00964353 -0.00110126
v -0.19786400 0.00846716 0.00458127
v -0.19477800 0.00870460 -0.00103203
v -0.19830599 0.00298577 0.00846458
v -0.19488899 0.00346298 0.00869538
v -0.19786400 0.00846716 0.00458127
v -0.19488899 0.00346298 0.00869538
v -0.19809499 -0.00589915 0.00743104
v -0.19452700 -0.00110277 0.00872854
v -0.19818000 -0.00921295 -0.00352952
v -0.19456500 -0.00857924 0.00201740
v -0.19809499 -0.00589915 0.00743104
v -0.19488899 0.00346298 0.00869538
v -0.19830599 0.00298577 0.00846458
v -0.19809499 -0.00589915 0.00743104
v -0.19488899 0.00346298 0.00869538
v -0.19830599 0.00298577 0.00846458
v -0.19445799 0.00753388 0.00449215
v -0.19481900 -0.00560073 -0.00661957
v -0.19453999 -0.00873304 -0.00146397
v -0.19457699 -0.00615183 -0.00729784
v -0.19834600 0.00604287 -0.00639654
v -0.19847400 0.00964353 -0.00110126
v -0.19480500 0.00751150 -0.00556048
v -0.19477800 0.00870460 -0.00103203
v -0.19480500 0.00751150 -0.00556048
v -0.19847400 0.00964353 -0.00110126
v -0.19818000 -0.00921295 -0.00352952
v -0.19838201 -0.00071394 -0.00959529
v -0.19457699 -0.00615183 -0.00729784
v -0.19457699 -0.00615183 -0.00729784
v -0.19838201 -0.00071394 -0.00959529
v -0.19473900 0.00150779 -0.00945785
v -0.19480500 0.00751150 -0.00556048
v -0.19473900 0.00150779 -0.00945785
v -0.19834600 0.00604287 -0.00639654
v -0.19453999 -0.00873304 -0.00146397
v -0.19818000 -0.00921295 -0.00352952
v -0.19457699 -0.00615183 -0.00729784
v -0.19786400 0.00846716 0.00458127
v -0.19445799 0.00753388 0.00449215
v -0.19477800 0.00870460 -0.00103203
v -0.19445799 0.00753388 0.00449215
v -0.19786400 0.00846716 0.00458127
v -0.19488899 0.00346298 0.00869538
v -0.19809499 -0.00589915 0.00743104
v -0.19451401 -0.00538010 0.00679653
v -0.19452700 -0.00110277 0.00872854
v -0.19456500 -0.00857924 0.00201740
v -0.19451401 -0.00538010 0.00679653
v -0.19809499 -0.00589915 0.00743104
v -0.19456500 -0.00857924 0.00201740
v -0.19818000 -0.00921295 -0.00352952
v -0.19453999 -0.00873304 -0.00146397
v -0.19527100 0.00116815 -0.01033220
v -0.19526900 0.00761492 -0.00691968
v -0.19773000 0.00273410 -0.01046180
v -0.19694400 0.01066070 -0.00087896
v -0.19773000 0.00273410 -0.01046180
v -0.19526900 0.00761492 -0.00691968
v -0.19526000 -0.01017890 -0.00205645
v -0.19681700 -0.00767056 -0.00696127
v -0.19773901 -0.01006510 0.00182748
v -0.19527100 0.00116815 -0.01033220
v -0.19773000 0.00273410 -0.01046180
v -0.19681700 -0.00767056 -0.00696127
v -0.19526200 -0.00562733 0.00925651
v -0.19774000 -0.00378578 0.01007800
v -0.19617701 0.00744786 0.00740434
v -0.19773901 -0.01006510 0.00182748
v -0.19526200 -0.00562733 0.00925651
v -0.19526000 -0.01017890 -0.00205645
v -0.19773901 -0.01006510 0.00182748
v -0.19774000 -0.00378578 0.01007800
v -0.19526200 -0.00562733 0.00925651
v -0.19694400 0.01066070 -0.00087896
v -0.19526900 0.00761492 -0.00691968
v -0.19773000 0.00273410 -0.01046180
v -0.19773000 0.00273410 -0.01046180
v -0.19527100 0.00116815 -0.01033220
v -0.19681700 -0.00767056 -0.00696127
v -0.19526900 0.00761492 -0.00691968
v -0.19527100 0.00116815 -0.01033220
v -0.19773000 0.00273410 -0.01046180
v -0.19681700 -0.00767056 -0.00696127
v -0.19526000 -0.01017890 -0.00205645
v -0.19773901 -0.01006510 0.00182748
v -0.19617701 0.00744786 0.00740434
v -0.19774000 -0.00378578 0.01007800
v -0.19526200 -0.00562733 0.00925651
v -0.19774000 -0.00378578 0.01007800
v -0.19773901 -0.01006510 0.00182748
v -0.19526200 -0.00562733 0.00925651
v -0.19773901 -0.01006510 0.00182748
v -0.19526000 -0.01017890 -0.00205645
v -0.19526200 -0.00562733 0.00925651
v -0.19815400 0.00029813 0.01172860
v -0.19826099 -0.00630640 0.00937975
v -0.19458801 -0.00669716 0.00897117
v -0.19458801 -0.00669716 0.00897117
v -0.19826099 -0.00630640 0.00937975
v -0.19815899 -0.01031320 0.00516692
v -0.19491500 0.00826971 -0.00820307
v -0.19454899 0.00133260 -0.01144670
v -0.19823299 -0.00000722 -0.01156650
v -0.19491500 0.00826971 -0.00820307
v -0.19837400 0.01160570 -0.00093092
v -0.19453400 0.01070580 -0.00315714
v -0.19491500 0.00826971 -0.00820307
v -0.19823299 -0.00000722 -0.01156650
v -0.19835301 0.00793072 -0.00800056
v -0.19491500 0.00826971 -0.00820307
v -0.19835301 0.00793072 -0.00800056
v -0.19837400 0.01160570 -0.00093092
v -0.19453400 0.01070580 -0.00315714
v -0.19837400 0.01160570 -0.00093092
v -0.19809800 0.01031610 0.00480372
v -0.19453400 0.00911825 0.00590086
v -0.19809800 0.01031610 0.00480372
v -0.19831599 0.00687103 0.00914428
v -0.19462299 0.00262575 0.01074960
v -0.19831599 0.00687103 0.00914428
v -0.19815400 0.00029813 0.01172860
v -0.19450200 -0.01071510 0.00213357
v -0.19815899 -0.01031320 0.00516692
v -0.19829400 -0.01167340 -0.00017938
v -0.19829400 -0.01167340 -0.00017938
v -0.19486199 -0.00920184 -0.00691066
v -0.19450200 -0.01071510 0.00213357
v -0.19815899 -0.01031320 0.00516692
v -0.19450200 -0.01071510 0.00213357
v -0.19458801 -0.00669716 0.00897117
v -0.19815400 0.00029813 0.01172860
v -0.19458801 -0.00669716 0.00897117
v -0.19462299 0.00262575 0.01074960
v -0.19831599 0.00687103 0.00914428
v -0.19462299 0.00262575 0.01074960
v -0.19453400 0.00911825 0.00590086
v -0.19809800 0.01031610 0.00480372
v -0.19453400 0.00911825 0.00590086
v -0.19453400 0.01070580 -0.00315714
v -0.19486199 -0.00920184 -0.00691066
v -0.19829400 -0.01167340 -0.00017938
v -0.19835301 -0.01038570 -0.00468275
v -0.19454899 0.00133260 -0.01144670
v -0.19812299 -0.00558666 -0.00991201
v -0.19823299 -0.00000722 -0.01156650
v -0.19812299 -0.00558666 -0.00991201
v -0.19454899 0.00133260 -0.01144670
v -0.19486199 -0.00920184 -0.00691066
v -0.19812299 -0.00558666 -0.00991201
v -0.19486199 -0.00920184 -0.00691066
v -0.19835301 -0.01038570 -0.00468275
v -0.19829400 -0.01167340 -0.00017938
v -0.19815899 -0.01031320 0.00516692
v -0.19835301 -0.01038570 -0.00468275
v -0.19831599 0.00687103 0.00914428
v -0.19462299 0.00262575 0.01074960
v -0.19815400 0.00029813 0.01172860
v -0.19837400 0.01160570 -0.00093092
v -0.19694400 0.01066070 -0.00087896
v -0.19809800 0.01031610 0.00480372
v -0.19486199 -0.00920184 -0.00691066
v -0.19835301 -0.01038570 -0.00468275
v -0.19815899 -0.01031320 0.00516692
v -0.19835301 0.00793072 -0.00800056
v -0.19694400 0.01066070 -0.00087896
v -0.19837400 0.01160570 -0.00093092
v -0.19486199 -0.00920184 -0.00691066
v -0.19454899 0.00133260 -0.01144670
v -0.19812299 -0.00558666 -0.00991201
v -0.19823299 -0.00000722 -0.01156650
v -0.19812299 -0.00558666 -0.00991201
v -0.19454899 0.00133260 -0.01144670
v -0.19694400 0.01066070 -0.00087896
v -0.19835301 0.00793072 -0.00800056
v -0.19453400 0.01070580 -0.00315714
v -0.19835301 -0.01038570 -0.00468275
v -0.19486199 -0.00920184 -0.00691066
v -0.19812299 -0.00558666 -0.00991201
v -0.19823299 -0.00000722 -0.01156650
v -0.19491500 0.00826971 -0.00820307
v -0.19835301 0.00793072 -0.00800056
v -0.19462299 0.00262575 0.01074960
v -0.19809800 0.01031610 0.00480372
v -0.19453400 0.00911825 0.00590086
v -0.19826099 -0.00630640 0.00937975
v -0.19815400 0.00029813 0.01172860
v -0.19458801 -0.00669716 0.00897117
v -0.19458801 -0.00669716 0.00897117
v -0.19815899 -0.01031320 0.00516692
v -0.19826099 -0.00630640 0.00937975
v -0.19831599 0.00687103 0.00914428
v -0.19809800 0.01031610 0.00480372
v -0.19462299 0.00262575 0.01074960
v -0.19694400 0.01066070 -0.00087896
v -0.19453400 0.00911825 0.00590086
v -0.19809800 0.01031610 0.00480372
v -0.19450200 -0.01071510 0.00213357
v -0.19486199 -0.00920184 -0.00691066
v -0.19815899 -0.01031320 0.00516692
v -0.19450200 -0.01071510 0.00213357
v -0.19815899 -0.01031320 0.00516692
v -0.19458801 -0.00669716 0.00897117
v -0.19462299 0.00262575 0.01074960
v -0.19458801 -0.00669716 0.00897117
v -0.19815400 0.00029813 0.01172860
v -0.19453400 0.01070580 -0.00315714
v -0.19453400 0.00911825 0.00590086
v -0.19694400 0.01066070 -0.00087896
v -0.19835301 0.00793072 -0.00800056
v -0.19491500 0.00826971 -0.00820307
v -0.19453400 0.01070580 -0.00315714
v -0.19454899 0.00133260 -0.01144670
v -0.19491500 0.00826971 -0.00820307
v -0.19823299 -0.00000722 -0.01156650
v -0.20000000 -0.00214293 0.00213780
v -0.20000000 -0.00213788 -0.00214292
v -0.20400000 -0.00220333 0.00160717
v -0.20000000 0.00213782 0.00214285
v -0.20000000 -0.00214293 0.00213780
v -0.20400000 0.00202389 0.00224455
v -0.20000000 0.00214286 -0.00213788
v -0.20000000 0.00213782 0.00214285
v -0.20400000 0.00220327 -0.00160725
v -0.20000000 -0.00213788 -0.00214292
v -0.20000000 0.00214286 -0.00213788
v -0.20400000 -0.00202395 -0.00224462
v -0.20400000 -0.00202395 -0.00224462
v -0.20400000 -0.00220333 0.00160717
v -0.20000000 -0.00213788 -0.00214292
v -0.20400000 0.00220327 -0.00160725
v -0.20400000 -0.00202395 -0.00224462
v -0.20000000 0.00214286 -0.00213788
v -0.20400000 0.00202389 0.00224455
v -0.20400000 0.00220327 -0.00160725
v -0.20000000 0.00213782 0.00214285
v -0.20400000 -0.00220333 0.00160717
v -0.20400000 0.00202389 0.00224455
v -0.20000000 -0.00214293 0.00213780
v -0.20400000 0.00220327 -0.00160725
v -0.20400000 0.00682593 -0.00338747
v -0.20400000 0.00407935 -0.00660047
v -0.20200001 0.00129328 -0.00499931
v -0.20200001 -0.00081895 -0.00509854
v -0.20400000 -0.00202395 -0.00224462
v -0.20400000 0.00220327 -0.00160725
v -0.20400000 0.00263038 -0.00782457
v -0.20200001 0.00129328 -0.00499931
v -0.20400000 -0.00220333 0.00160717
v -0.20400000 -0.00682599 0.00338741
v -0.20400000 -0.00407940 0.00660040
v -0.20400000 0.00263038 -0.00782457
v -0.20200001 -0.00129334 0.00499924
v -0.20200001 0.00081889 0.00509846
v -0.20400000 0.00202389 0.00224455
v -0.20400000 -0.00188527 -0.00803672
v -0.20400000 -0.00367283 -0.00739280
v -0.20400000 -0.00202395 -0.00224462
v -0.20400000 -0.00803671 0.00188520
v -0.20400000 -0.00220333 0.00160717
v -0.20400000 -0.00263044 0.00782450
v -0.20200001 -0.00129334 0.00499924
v -0.20200001 -0.00081895 -0.00509854
v -0.20400000 -0.00188527 -0.00803672
v -0.20400000 -0.00202395 -0.00224462
v -0.20400000 -0.00263044 0.00782450
v -0.20400000 0.00803666 -0.00188528
v -0.20400000 -0.00202395 -0.00224462
v -0.20400000 0.00220327 -0.00160725
v -0.20200001 0.00129328 -0.00499931
v -0.20200001 -0.00499930 -0.00129335
v -0.20200001 -0.00509852 0.00081887
v -0.20400000 -0.00220333 0.00160717
v -0.20400000 -0.00202395 -0.00224462
v -0.20400000 -0.00782456 -0.00263044
v -0.20200001 -0.00499930 -0.00129335
v -0.20400000 0.00188521 0.00803665
v -0.20400000 0.00367277 0.00739273
v -0.20400000 0.00202389 0.00224455
v -0.20400000 0.00202389 0.00224455
v -0.20400000 -0.00220333 0.00160717
v -0.20200001 -0.00129334 0.00499924
v -0.20400000 -0.00202395 -0.00224462
v -0.20200001 -0.00701589 -0.00434976
v -0.20400000 -0.00782456 -0.00263044
v -0.20200001 0.00499925 0.00129327
v -0.20200001 0.00509847 -0.00081895
v -0.20400000 0.00220327 -0.00160725
v -0.20400000 0.00202389 0.00224455
v -0.20400000 0.00782451 0.00263037
v -0.20200001 0.00499925 0.00129327
v -0.20400000 -0.00202395 -0.00224462
v -0.20200001 0.00081889 0.00509846
v -0.20400000 0.00188521 0.00803665
v -0.20400000 0.00202389 0.00224455
v -0.20400000 0.00202389 0.00224455
v -0.20200001 0.00701584 0.00434969
v -0.20400000 0.00782451 0.00263037
v -0.20200001 -0.00509852 0.00081887
v -0.20400000 -0.00803671 0.00188520
v -0.20400000 -0.00220333 0.00160717
v -0.20400000 0.00202389 0.00224455
v -0.20200001 0.00509847 -0.00081895
v -0.20400000 0.00803666 -0.00188528
v -0.20400000 0.00220327 -0.00160725
v -0.20000000 0.00213782 0.00214285
v -0.20200001 0.00509847 -0.00081895
v -0.20200001 0.00499925 0.00129327
v -0.20000000 0.00214286 -0.00213788
v -0.20000000 0.00803666 -0.00188527
v -0.20200001 0.00509847 -0.00081895
v -0.20000000 0.00716700 -0.00351290
v -0.20000000 0.00803666 -0.00188527
v -0.20000000 0.00214286 -0.00213788
v -0.20000000 0.00782451 0.00263037
v -0.20200001 0.00701584 0.00434969
v -0.20000000 0.00213782 0.00214285
v -0.20200001 0.00499925 0.00129327
v -0.20000000 0.00782451 0.00263037
v -0.20000000 0.00213782 0.00214285
v -0.20000000 0.00351284 0.00716699
v -0.20000000 0.00188521 0.00803665
v -0.20000000 0.00213782 0.00214285
v -0.20000000 0.00213782 0.00214285
v -0.20000000 0.00188521 0.00803665
v -0.20200001 0.00081889 0.00509846
v -0.20000000 -0.00214293 0.00213780
v -0.20200001 0.00081889 0.00509846
v -0.20200001 -0.00129334 0.00499924
v -0.20200001 0.00509847 -0.00081895
v -0.20000000 0.00213782 0.00214285
v -0.20000000 0.00214286 -0.00213788
v -0.20000000 -0.00263044 0.00782450
v -0.20000000 -0.00434975 0.00701583
v -0.20000000 -0.00214293 0.00213780
v -0.20000000 -0.00213788 -0.00214292
v -0.20200001 -0.00509852 0.00081887
v -0.20200001 -0.00499930 -0.00129335
v -0.20000000 -0.00782456 -0.00263044
v -0.20200001 -0.00701589 -0.00434976
v -0.20000000 -0.00213788 -0.00214292
v -0.20000000 -0.00351290 -0.00716706
v -0.20000000 -0.00188527 -0.00803672
v -0.20000000 -0.00213788 -0.00214292
v -0.20000000 -0.00213788 -0.00214292
v -0.20000000 -0.00188527 -0.00803672
v -0.20200001 -0.00081895 -0.00509854
v -0.20200001 0.00081889 0.00509846
v -0.20000000 -0.00214293 0.00213780
v -0.20000000 0.00213782 0.00214285
v -0.20000000 0.00214286 -0.00213788
v -0.20200001 -0.00081895 -0.00509854
v -0.20200001 0.00129328 -0.00499931
v -0.20000000 -0.00214293 0.00213780
v -0.20000000 -0.00803671 0.00188520
v -0.20200001 -0.00509852 0.00081887
v -0.20000000 0.00263038 -0.00782457
v -0.20000000 0.00434970 -0.00701590
v -0.20200001 -0.00129334 0.00499924
v -0.20000000 -0.00263044 0.00782450
v -0.20000000 -0.00214293 0.00213780
v -0.20000000 -0.00716705 0.00351283
v -0.20000000 -0.00803671 0.00188520
v -0.20200001 0.00129328 -0.00499931
v -0.20000000 0.00263038 -0.00782457
v -0.20000000 0.00214286 -0.00213788
v -0.20200001 -0.00081895 -0.00509854
v -0.20000000 0.00214286 -0.00213788
v -0.20000000 -0.00213788 -0.00214292
v -0.20200001 -0.00509852 0.00081887
v -0.20000000 -0.00213788 -0.00214292
v -0.20000000 -0.00214293 0.00213780
v -0.20200001 -0.00499930 -0.00129335
v -0.20000000 -0.00782456 -0.00263044
v -0.20000000 -0.00213788 -0.00214292
v -0.20400000 -0.00803671 0.00188520
v -0.20000000 -0.00803671 0.00188520
v -0.20000000 -0.00716705 0.00351283
v -0.20000000 -0.00716705 0.00351283
v -0.20400000 -0.00682599 0.00338741
v -0.20400000 -0.00803671 0.00188520
v -0.20000000 -0.00214293 0.00213780
v -0.20400000 -0.00407940 0.00660040
v -0.20400000 -0.00682599 0.00338741
v -0.20400000 -0.00682599 0.00338741
v -0.20000000 -0.00716705 0.00351283
v -0.20000000 -0.00214293 0.00213780
v -0.20400000 -0.00407940 0.00660040
v -0.20000000 -0.00214293 0.00213780
v -0.20000000 -0.00434975 0.00701583
v -0.20000000 -0.00434975 0.00701583
v -0.20000000 -0.00263044 0.00782450
v -0.20400000 -0.00263044 0.00782450
v -0.20400000 -0.00263044 0.00782450
v -0.20400000 -0.00407940 0.00660040
v -0.20000000 -0.00434975 0.00701583
v -0.20200001 -0.00129334 0.00499924
v -0.20400000 -0.00263044 0.00782450
v -0.20000000 -0.00263044 0.00782450
v -0.20200001 0.00081889 0.00509846
v -0.20000000 0.00188521 0.00803665
v -0.20400000 0.00188521 0.00803665
v -0.20400000 0.00188521 0.00803665
v -0.20000000 0.00188521 0.00803665
v -0.20000000 0.00351284 0.00716699
v -0.20000000 0.00351284 0.00716699
v -0.20400000 0.00367277 0.00739273
v -0.20400000 0.00188521 0.00803665
v -0.20400000 0.00202389 0.00224455
v -0.20400000 0.00367277 0.00739273
v -0.20000000 0.00351284 0.00716699
v -0.20400000 0.00202389 0.00224455
v -0.20000000 0.00351284 0.00716699
v -0.20000000 0.00213782 0.00214285
v -0.20400000 0.00202389 0.00224455
v -0.20000000 0.00213782 0.00214285
v -0.20200001 0.00701584 0.00434969
v -0.20000000 0.00782451 0.00263037
v -0.20400000 0.00782451 0.00263037
v -0.20200001 0.00701584 0.00434969
v -0.20200001 0.00499925 0.00129327
v -0.20400000 0.00782451 0.00263037
v -0.20000000 0.00782451 0.00263037
v -0.20000000 0.00803666 -0.00188527
v -0.20400000 0.00803666 -0.00188528
v -0.20200001 0.00509847 -0.00081895
v -0.20400000 0.00803666 -0.00188528
v -0.20000000 0.00803666 -0.00188527
v -0.20000000 0.00716700 -0.00351290
v -0.20000000 0.00716700 -0.00351290
v -0.20400000 0.00682593 -0.00338747
v -0.20400000 0.00803666 -0.00188528
v -0.20000000 0.00214286 -0.00213788
v -0.20400000 0.00407935 -0.00660047
v -0.20400000 0.00682593 -0.00338747
v -0.20400000 0.00682593 -0.00338747
v -0.20000000 0.00716700 -0.00351290
v -0.20000000 0.00214286 -0.00213788
v -0.20400000 0.00407935 -0.00660047
v -0.20000000 0.00214286 -0.00213788
v -0.20000000 0.00434970 -0.00701590
v -0.20000000 0.00434970 -0.00701590
v -0.20000000 0.00263038 -0.00782457
v -0.20400000 0.00263038 -0.00782457
v -0.20400000 0.00263038 -0.00782457
v -0.20400000 0.00407935 -0.00660047
v -0.20000000 0.00434970 -0.00701590
v -0.20200001 0.00129328 -0.00499931
v -0.20400000 0.00263038 -0.00782457
v -0.20000000 0.00263038 -0.00782457
v -0.20200001 -0.00081895 -0.00509854
v -0.20000000 -0.00188527 -0.00803672
v -0.20400000 -0.00188527 -0.00803672
v -0.20400000 -0.00188527 -0.00803672
v -0.20000000 -0.00188527 -0.00803672
v -0.20000000 -0.00351290 -0.00716706
v -0.20000000 -0.00351290 -0.00716706
v -0.20400000 -0.00367283 -0.00739280
v -0.20400000 -0.00188527 -0.00803672
v -0.20400000 -0.00202395 -0.00224462
v -0.20400000 -0.00367283 -0.00739280
v -0.20000000 -0.00351290 -0.00716706
v -0.20400000 -0.00202395 -0.00224462
v -0.20000000 -0.00351290 -0.00716706
v -0.20000000 -0.00213788 -0.00214292
v -0.20400000 -0.00202395 -0.00224462
v -0.20000000 -0.00213788 -0.00214292
v -0.20200001 -0.00701589 -0.00434976
v -0.20000000 -0.00782456 -0.00263044
v -0.20400000 -0.00782456 -0.00263044
v -0.20200001 -0.00701589 -0.00434976
v -0.20400000 -0.00782456 -0.00263044
v -0.20000000 -0.00782456 -0.00263044
v -0.20200001 -0.00499930 -0.00129335
v -0.20000000 -0.00803671 0.00188520
v -0.20400000 -0.00803671 0.00188520
v -0.20200001 -0.00509852 0.00081887
v -0.18109401 0.00037160 -0.00708662
v -0.19729599 -0.00039367 -0.00701251
v -0.19738400 -0.00396791 -0.00598120
v -0.18109401 0.00037160 -0.00708662
v -0.19730300 0.00284010 -0.00650477
v -0.19729599 -0.00039367 -0.00701251
v -0.19730300 0.00284010 -0.00650477
v -0.18109401 0.00037160 -0.00708662
v -0.18109900 0.00321031 -0.00623535
v -0.18110000 0.00483044 -0.00507032
v -0.19732800 0.00598206 -0.00376165
v -0.19730300 0.00284010 -0.00650477
v -0.19730300 0.00284010 -0.00650477
v -0.18109900 0.00321031 -0.00623535
v -0.18110000 0.00483044 -0.00507032
v -0.19732800 0.00598206 -0.00376165
v -0.18110000 0.00483044 -0.00507032
v -0.18110000 0.00606662 -0.00350990
v -0.18110000 0.00606662 -0.00350990
v -0.18109500 0.00705580 -0.00072682
v -0.19732800 0.00598206 -0.00376165
v -0.18109500 0.00705580 -0.00072682
v -0.19731399 0.00702412 -0.00044269
v -0.19732800 0.00598206 -0.00376165
v -0.18109500 0.00705580 -0.00072682
v -0.18109401 0.00631087 0.00325095
v -0.19728801 0.00659843 0.00250015
v -0.19728801 0.00659843 0.00250015
v -0.19731399 0.00702412 -0.00044269
v -0.18109500 0.00705580 -0.00072682
v -0.19729200 0.00432117 0.00564647
v -0.19728801 0.00659843 0.00250015
v -0.18109401 0.00631087 0.00325095
v -0.18109401 0.00631087 0.00325095
v -0.18111400 0.00301129 0.00647119
v -0.19729200 0.00432117 0.00564647
v -0.18111400 0.00301129 0.00647119
v -0.19732700 -0.00008401 0.00713270
v -0.19729200 0.00432117 0.00564647
v -0.19731200 -0.00437661 0.00557380
v -0.18109500 -0.00138511 0.00695659
v -0.18110000 -0.00406114 0.00571157
v -0.19731200 -0.00437661 0.00557380
v -0.18110000 -0.00406114 0.00571157
v -0.18110099 -0.00550220 0.00433182
v -0.18110099 -0.00550220 0.00433182
v -0.18109600 -0.00687473 0.00173022
v -0.19730300 -0.00674239 0.00221772
v -0.19730300 -0.00674239 0.00221772
v -0.19731200 -0.00437661 0.00557380
v -0.18110099 -0.00550220 0.00433182
v -0.18109600 -0.00687473 0.00173022
v -0.18109301 -0.00671496 -0.00230462
v -0.19729801 -0.00682045 -0.00197679
v -0.19729801 -0.00682045 -0.00197679
v -0.19730300 -0.00674239 0.00221772
v -0.18109600 -0.00687473 0.00173022
v -0.18109301 -0.00671496 -0.00230462
v -0.18111201 -0.00395370 -0.00594469
v -0.19738400 -0.00396791 -0.00598120
v -0.19738400 -0.00396791 -0.00598120
v -0.19729801 -0.00682045 -0.00197679
v -0.18109301 -0.00671496 -0.00230462
v -0.19731200 -0.00437661 0.00557380
v -0.19732700 -0.00008401 0.00713270
v -0.18109500 -0.00138511 0.00695659
v -0.19732700 -0.00008401 0.00713270
v -0.18111400 0.00301129 0.00647119
v -0.18109500 -0.00138511 0.00695659
v -0.19738400 -0.00396791 -0.00598120
v -0.18111201 -0.00395370 -0.00594469
v -0.18109401 0.00037160 -0.00708662
v -0.18111400 0.00301129 0.00647119
v -0.18044300 0.00548229 0.00602328
v -0.18050399 0.00166917 0.00787067
v -0.18109500 -0.00138511 0.00695659
v -0.18050399 0.00166917 0.00787067
v -0.18050800 -0.00205450 0.00781763
v -0.18050800 -0.00205450 0.00781763
v -0.18110000 -0.00406114 0.00571157
v -0.18109500 -0.00138511 0.00695659
v -0.18045200 -0.00643332 0.00500041
v -0.18110099 -0.00550220 0.00433182
v -0.18110000 -0.00406114 0.00571157
v -0.18109600 -0.00687473 0.00173022
v -0.18110099 -0.00550220 0.00433182
v -0.18045200 -0.00643332 0.00500041
v -0.18109600 -0.00687473 0.00173022
v -0.18045200 -0.00643332 0.00500041
v -0.18017600 -0.00772411 0.00207927
v -0.18017600 -0.00772411 0.00207927
v -0.18049800 -0.00804737 0.00003511
v -0.18109600 -0.00687473 0.00173022
v -0.18109301 -0.00671496 -0.00230462
v -0.18109600 -0.00687473 0.00173022
v -0.18049800 -0.00804737 0.00003511
v -0.18049800 -0.00804737 0.00003511
v -0.18045899 -0.00749730 -0.00285928
v -0.18109301 -0.00671496 -0.00230462
v -0.18045899 -0.00749730 -0.00285928
v -0.18046600 -0.00669905 -0.00439162
v -0.18109301 -0.00671496 -0.00230462
v -0.18111201 -0.00395370 -0.00594469
v -0.18109301 -0.00671496 -0.00230462
v -0.18046600 -0.00669905 -0.00439162
v -0.18046600 -0.00669905 -0.00439162
v -0.17872500 -0.00540132 -0.00597869
v -0.18111201 -0.00395370 -0.00594469
v -0.18111201 -0.00395370 -0.00594469
v -0.17872500 -0.00540132 -0.00597869
v -0.18049701 -0.00222048 -0.00771988
v -0.18109401 0.00037160 -0.00708662
v -0.18049701 -0.00222048 -0.00771988
v -0.18050499 0.00136932 -0.00800510
v -0.18050499 0.00136932 -0.00800510
v -0.18109900 0.00321031 -0.00623535
v -0.18109401 0.00037160 -0.00708662
v -0.18045001 0.00558398 -0.00593294
v -0.18110000 0.00483044 -0.00507032
v -0.18109900 0.00321031 -0.00623535
v -0.18045001 0.00558398 -0.00593294
v -0.18110000 0.00606662 -0.00350990
v -0.18110000 0.00483044 -0.00507032
v -0.18109500 0.00705580 -0.00072682
v -0.18110000 0.00606662 -0.00350990
v -0.18045101 0.00710086 -0.00375056
v -0.18110000 0.00606662 -0.00350990
v -0.18045001 0.00558398 -0.00593294
v -0.18045101 0.00710086 -0.00375056
v -0.18045101 0.00710086 -0.00375056
v -0.18048300 0.00795411 -0.00114617
v -0.18109500 0.00705580 -0.00072682
v -0.18048300 0.00795411 -0.00114617
v -0.18049701 0.00773116 0.00227000
v -0.18109500 0.00705580 -0.00072682
v -0.18109401 0.00631087 0.00325095
v -0.18109500 0.00705580 -0.00072682
v -0.18049701 0.00773116 0.00227000
v -0.18049701 0.00773116 0.00227000
v -0.18044300 0.00548229 0.00602328
v -0.18109401 0.00631087 0.00325095
v -0.18111400 0.00301129 0.00647119
v -0.18109401 0.00631087 0.00325095
v -0.18044300 0.00548229 0.00602328
v -0.18050499 0.00136932 -0.00800510
v -0.18045001 0.00558398 -0.00593294
v -0.18109900 0.00321031 -0.00623535
v -0.18049701 -0.00222048 -0.00771988
v -0.18109401 0.00037160 -0.00708662
v -0.18111201 -0.00395370 -0.00594469
v -0.18050800 -0.00205450 0.00781763
v -0.18045200 -0.00643332 0.00500041
v -0.18110000 -0.00406114 0.00571157
v -0.18050399 0.00166917 0.00787067
v -0.18109500 -0.00138511 0.00695659
v -0.18111400 0.00301129 0.00647119
v -0.19870800 0.00112948 0.00513659
v -0.19729200 0.00432117 0.00564647
v -0.19732700 -0.00008401 0.00713270
v -0.19868800 -0.00524349 0.00128399
v -0.19870800 0.00112948 0.00513659
v -0.19732700 -0.00008401 0.00713270
v -0.19732700 -0.00008401 0.00713270
v -0.19731200 -0.00437661 0.00557380
v -0.19868800 -0.00524349 0.00128399
v -0.19731200 -0.00437661 0.00557380
v -0.19730300 -0.00674239 0.00221772
v -0.19868800 -0.00524349 0.00128399
v -0.19730300 -0.00674239 0.00221772
v -0.19729801 -0.00682045 -0.00197679
v -0.19868800 -0.00524349 0.00128399
v -0.19738400 -0.00396791 -0.00598120
v -0.19868800 -0.00524349 0.00128399
v -0.19729801 -0.00682045 -0.00197679
v -0.19729599 -0.00039367 -0.00701251
v -0.19852500 0.00294904 -0.00460768
v -0.19738400 -0.00396791 -0.00598120
v -0.19852500 0.00294904 -0.00460768
v -0.19732800 0.00598206 -0.00376165
v -0.19731399 0.00702412 -0.00044269
v -0.19731399 0.00702412 -0.00044269
v -0.19968200 0.00466365 -0.00029149
v -0.19852500 0.00294904 -0.00460768
v -0.19728801 0.00659843 0.00250015
v -0.19870800 0.00112948 0.00513659
v -0.19968200 0.00466365 -0.00029149
v -0.19870800 0.00112948 0.00513659
v -0.19728801 0.00659843 0.00250015
v -0.19729200 0.00432117 0.00564647
v -0.19731399 0.00702412 -0.00044269
v -0.19728801 0.00659843 0.00250015
v -0.19968200 0.00466365 -0.00029149
v -0.19852500 0.00294904 -0.00460768
v -0.19730300 0.00284010 -0.00650477
v -0.19732800 0.00598206 -0.00376165
v -0.19852500 0.00294904 -0.00460768
v -0.19729599 -0.00039367 -0.00701251
v -0.19730300 0.00284010 -0.00650477
v -0.18049701 -0.00222048 -0.00771988
v -0.16286699 0.00019654 -0.00801683
v -0.18050499 0.00136932 -0.00800510
v -0.16286699 0.00019654 -0.00801683
v -0.16355000 0.00267783 -0.00757725
v -0.18050499 0.00136932 -0.00800510
v -0.18048300 0.00795411 -0.00114617
v -0.18045101 0.00710086 -0.00375056
v -0.16283600 0.00766991 -0.00230694
v -0.18049701 0.00773116 0.00227000
v -0.18048300 0.00795411 -0.00114617
v -0.16337600 0.00786607 0.00187936
v -0.16335000 0.00152691 0.00791146
v -0.16321400 -0.00211308 0.00778239
v -0.18050800 -0.00205450 0.00781763
v -0.18050800 -0.00205450 0.00781763
v -0.18050399 0.00166917 0.00787067
v -0.16335000 0.00152691 0.00791146
v -0.18017600 -0.00772411 0.00207927
v -0.16350600 -0.00805020 -0.00080854
v -0.18049800 -0.00804737 0.00003511
v -0.18045899 -0.00749730 -0.00285928
v -0.18049800 -0.00804737 0.00003511
v -0.16350600 -0.00805020 -0.00080854
v -0.17041200 0.00668383 0.00437766
v -0.17216200 0.00381765 0.00706761
v -0.18044300 0.00548229 0.00602328
v -0.16335000 0.00152691 0.00791146
v -0.18050399 0.00166917 0.00787067
v -0.17216200 0.00381765 0.00706761
v -0.17216200 0.00381765 0.00706761
v -0.18050399 0.00166917 0.00787067
v -0.18044300 0.00548229 0.00602328
v -0.17253500 -0.00451874 0.00671006
v -0.18050800 -0.00205450 0.00781763
v -0.16321400 -0.00211308 0.00778239
v -0.18045200 -0.00643332 0.00500041
v -0.17253500 -0.00451874 0.00671006
v -0.17249399 -0.00707141 0.00374009
v -0.17249399 -0.00707141 0.00374009
v -0.18017600 -0.00772411 0.00207927
v -0.18045200 -0.00643332 0.00500041
v -0.18049701 -0.00222048 -0.00771988
v -0.17872500 -0.00540132 -0.00597869
v -0.17219600 -0.00385527 -0.00718795
v -0.16355000 0.00267783 -0.00757725
v -0.16231801 0.00515880 -0.00745905
v -0.17369500 0.00493089 -0.00646828
v -0.17369500 0.00493089 -0.00646828
v -0.18050499 0.00136932 -0.00800510
v -0.16355000 0.00267783 -0.00757725
v -0.17369500 0.00493089 -0.00646828
v -0.18045101 0.00710086 -0.00375056
v -0.18045001 0.00558398 -0.00593294
v -0.17041200 0.00668383 0.00437766
v -0.18049701 0.00773116 0.00227000
v -0.16337600 0.00786607 0.00187936
v -0.18044300 0.00548229 0.00602328
v -0.18049701 0.00773116 0.00227000
v -0.17041200 0.00668383 0.00437766
v -0.18045001 0.00558398 -0.00593294
v -0.18050499 0.00136932 -0.00800510
v -0.17369500 0.00493089 -0.00646828
v -0.18045200 -0.00643332 0.00500041
v -0.18050800 -0.00205450 0.00781763
v -0.17253500 -0.00451874 0.00671006
v -0.17361300 0.00800308 -0.00448766
v -0.16246000 0.00795449 -0.00445925
v -0.18045101 0.00710086 -0.00375056
v -0.18048300 0.00795411 -0.00114617
v -0.16283600 0.00766991 -0.00230694
v -0.16337600 0.00786607 0.00187936
v -0.16337600 0.00786607 0.00187936
v -0.16242599 0.00896001 0.00133392
v -0.17041200 0.00668383 0.00437766
v -0.16283600 0.00766991 -0.00230694
v -0.18045101 0.00710086 -0.00375056
v -0.16246000 0.00795449 -0.00445925
v -0.16242599 0.00896001 0.00133392
v -0.16337600 0.00786607 0.00187936
v -0.16283600 0.00766991 -0.00230694
v -0.16246000 0.00795449 -0.00445925
v -0.16249999 0.00885396 -0.00161463
v -0.16283600 0.00766991 -0.00230694
v -0.17016900 0.00748096 0.00518166
v -0.17041200 0.00668383 0.00437766
v -0.16242599 0.00896001 0.00133392
v -0.16283600 0.00766991 -0.00230694
v -0.16249999 0.00885396 -0.00161463
v -0.16242599 0.00896001 0.00133392
v -0.16242599 0.00896001 0.00133392
v -0.16249999 0.00885396 -0.00161463
v -0.17376100 0.00909502 0.00103096
v -0.17376100 0.00909502 0.00103096
v -0.17016900 0.00748096 0.00518166
v -0.16242599 0.00896001 0.00133392
v -0.16249999 0.00885396 -0.00161463
v -0.16246000 0.00795449 -0.00445925
v -0.17361300 0.00800308 -0.00448766
v -0.17361300 0.00800308 -0.00448766
v -0.17376100 0.00909502 0.00103096
v -0.16249999 0.00885396 -0.00161463
v -0.17369500 0.00493089 -0.00646828
v -0.17361701 0.00519204 -0.00743699
v -0.17462800 0.00625086 -0.00788022
v -0.17462800 0.00625086 -0.00788022
v -0.17361300 0.00800308 -0.00448766
v -0.17369500 0.00493089 -0.00646828
v -0.17361300 0.00800308 -0.00448766
v -0.18045101 0.00710086 -0.00375056
v -0.17369500 0.00493089 -0.00646828
v -0.16542900 -0.00749819 -0.00517316
v -0.17872500 -0.00540132 -0.00597869
v -0.18046600 -0.00669905 -0.00439162
v -0.16542900 -0.00749819 -0.00517316
v -0.17219600 -0.00385527 -0.00718795
v -0.17872500 -0.00540132 -0.00597869
v -0.16922601 -0.00514359 0.00739152
v -0.17462499 -0.00714788 0.00707616
v -0.17253500 -0.00451874 0.00671006
v -0.17249399 -0.00707141 0.00374009
v -0.17253500 -0.00451874 0.00671006
v -0.17462499 -0.00714788 0.00707616
v -0.17462499 -0.00714788 0.00707616
v -0.17362900 -0.00789512 0.00446808
v -0.17249399 -0.00707141 0.00374009
v -0.17216200 0.00381765 0.00706761
v -0.17041200 0.00668383 0.00437766
v -0.17470901 0.00657915 0.00761044
v -0.17470901 0.00657915 0.00761044
v -0.17215601 0.00442945 0.00783316
v -0.17216200 0.00381765 0.00706761
v -0.17016900 0.00748096 0.00518166
v -0.17470901 0.00657915 0.00761044
v -0.17041200 0.00668383 0.00437766
v -0.17361701 0.00519204 -0.00743699
v -0.16335100 0.00175784 -0.00888325
v -0.17791200 0.00263432 -0.00977754
v -0.17376100 0.00909502 0.00103096
v -0.17361300 0.00800308 -0.00448766
v -0.17787400 0.00966653 -0.00301404
v -0.17219600 -0.00385527 -0.00718795
v -0.17353100 -0.00872549 -0.00242064
v -0.17829800 -0.00720446 -0.00716033
v -0.17016900 0.00748096 0.00518166
v -0.17816100 0.00985775 0.00268621
v -0.17470901 0.00657915 0.00761044
v -0.17016900 0.00748096 0.00518166
v -0.17376100 0.00909502 0.00103096
v -0.17816100 0.00985775 0.00268621
v -0.17816100 0.00985775 0.00268621
v -0.17376100 0.00909502 0.00103096
v -0.17787400 0.00966653 -0.00301404
v -0.17787400 0.00966653 -0.00301404
v -0.17361300 0.00800308 -0.00448766
v -0.17462800 0.00625086 -0.00788022
v -0.17371200 -0.00157911 -0.00891622
v -0.17219600 -0.00385527 -0.00718795
v -0.17806800 -0.00242719 -0.00982238
v -0.17215601 0.00442945 0.00783316
v -0.17470901 0.00657915 0.00761044
v -0.17372800 0.00189471 0.00887350
v -0.17219600 -0.00385527 -0.00718795
v -0.16542900 -0.00749819 -0.00517316
v -0.17353100 -0.00872549 -0.00242064
v -0.17462499 -0.00714788 0.00707616
v -0.16922601 -0.00514359 0.00739152
v -0.17349599 -0.00223669 0.00878941
v -0.17470901 0.00657915 0.00761044
v -0.17820300 0.00277744 0.00966947
v -0.17372800 0.00189471 0.00887350
v -0.17372800 0.00189471 0.00887350
v -0.17479800 -0.00175851 0.01004360
v -0.17349599 -0.00223669 0.00878941
v -0.17362900 -0.00789512 0.00446808
v -0.17806700 -0.01008110 -0.00127634
v -0.17353100 -0.00872549 -0.00242064
v -0.17371200 -0.00157911 -0.00891622
v -0.17791200 0.00263432 -0.00977754
v -0.16335100 0.00175784 -0.00888325
v -0.17362900 -0.00789512 0.00446808
v -0.17353100 -0.00872549 -0.00242064
v -0.16344599 -0.00885975 0.00166883
v -0.17361701 0.00519204 -0.00743699
v -0.17369500 0.00493089 -0.00646828
v -0.16231801 0.00515880 -0.00745905
v -0.17371200 -0.00157911 -0.00891622
v -0.16335100 0.00175784 -0.00888325
v -0.16249999 -0.00161462 -0.00885402
v -0.17219600 -0.00385527 -0.00718795
v -0.17371200 -0.00157911 -0.00891622
v -0.16239600 -0.00445414 -0.00796897
v -0.16335100 0.00175784 -0.00888325
v -0.17361701 0.00519204 -0.00743699
v -0.16231801 0.00515880 -0.00745905
v -0.17371200 -0.00157911 -0.00891622
v -0.16249999 -0.00161462 -0.00885402
v -0.16239600 -0.00445414 -0.00796897
v -0.17219600 -0.00385527 -0.00718795
v -0.16239600 -0.00445414 -0.00796897
v -0.16286699 0.00019654 -0.00801683
v -0.16355000 0.00267783 -0.00757725
v -0.16286699 0.00019654 -0.00801683
v -0.16231801 0.00515880 -0.00745905
v -0.16286699 0.00019654 -0.00801683
v -0.18049701 -0.00222048 -0.00771988
v -0.17219600 -0.00385527 -0.00718795
v -0.16249999 -0.00161462 -0.00885402
v -0.16286699 0.00019654 -0.00801683
v -0.16239600 -0.00445414 -0.00796897
v -0.16286699 0.00019654 -0.00801683
v -0.16335100 0.00175784 -0.00888325
v -0.16231801 0.00515880 -0.00745905
v -0.16249999 -0.00161462 -0.00885402
v -0.16335100 0.00175784 -0.00888325
v -0.16286699 0.00019654 -0.00801683
v -0.17362900 -0.00789512 0.00446808
v -0.16242000 -0.00795723 0.00446644
v -0.17249399 -0.00707141 0.00374009
v -0.16242000 -0.00795723 0.00446644
v -0.17362900 -0.00789512 0.00446808
v -0.16344599 -0.00885975 0.00166883
v -0.16542900 -0.00749819 -0.00517316
v -0.16242900 -0.00894189 -0.00137092
v -0.17353100 -0.00872549 -0.00242064
v -0.16344599 -0.00885975 0.00166883
v -0.17353100 -0.00872549 -0.00242064
v -0.16242900 -0.00894189 -0.00137092
v -0.18017600 -0.00772411 0.00207927
v -0.16242000 -0.00795723 0.00446644
v -0.16350600 -0.00805020 -0.00080854
v -0.16350600 -0.00805020 -0.00080854
v -0.16242000 -0.00795723 0.00446644
v -0.16242900 -0.00894189 -0.00137092
v -0.18017600 -0.00772411 0.00207927
v -0.17249399 -0.00707141 0.00374009
v -0.16242000 -0.00795723 0.00446644
v -0.16542900 -0.00749819 -0.00517316
v -0.18046600 -0.00669905 -0.00439162
v -0.18045899 -0.00749730 -0.00285928
v -0.16542900 -0.00749819 -0.00517316
v -0.18045899 -0.00749730 -0.00285928
v -0.16350600 -0.00805020 -0.00080854
v -0.16242900 -0.00894189 -0.00137092
v -0.16542900 -0.00749819 -0.00517316
v -0.16350600 -0.00805020 -0.00080854
v -0.16242000 -0.00795723 0.00446644
v -0.16344599 -0.00885975 0.00166883
v -0.16242900 -0.00894189 -0.00137092
v -0.17215601 0.00442945 0.00783316
v -0.17372800 0.00189471 0.00887350
v -0.16248100 0.00098951 0.00905457
v -0.16922601 -0.00514359 0.00739152
v -0.16245501 -0.00259028 0.00862234
v -0.17349599 -0.00223669 0.00878941
v -0.17372800 0.00189471 0.00887350
v -0.17349599 -0.00223669 0.00878941
v -0.16248100 0.00098951 0.00905457
v -0.17349599 -0.00223669 0.00878941
v -0.16245501 -0.00259028 0.00862234
v -0.16248100 0.00098951 0.00905457
v -0.16335000 0.00152691 0.00791146
v -0.16248100 0.00098951 0.00905457
v -0.16245501 -0.00259028 0.00862234
v -0.16335000 0.00152691 0.00791146
v -0.17216200 0.00381765 0.00706761
v -0.16248100 0.00098951 0.00905457
v -0.16245501 -0.00259028 0.00862234
v -0.16321400 -0.00211308 0.00778239
v -0.16335000 0.00152691 0.00791146
v -0.16321400 -0.00211308 0.00778239
v -0.16245501 -0.00259028 0.00862234
v -0.16922601 -0.00514359 0.00739152
v -0.16922601 -0.00514359 0.00739152
v -0.17253500 -0.00451874 0.00671006
v -0.16321400 -0.00211308 0.00778239
v -0.17215601 0.00442945 0.00783316
v -0.16248100 0.00098951 0.00905457
v -0.17216200 0.00381765 0.00706761
v -0.17806700 -0.01008110 -0.00127634
v -0.17829800 -0.00720446 -0.00716033
v -0.17353100 -0.00872549 -0.00242064
v -0.17839000 -0.00947437 0.00335679
v -0.17806700 -0.01008110 -0.00127634
v -0.17362900 -0.00789512 0.00446808
v -0.17839000 -0.00947437 0.00335679
v -0.17362900 -0.00789512 0.00446808
v -0.17462499 -0.00714788 0.00707616
v -0.17462499 -0.00714788 0.00707616
v -0.17349599 -0.00223669 0.00878941
v -0.17479800 -0.00175851 0.01004360
v -0.17479800 -0.00175851 0.01004360
v -0.17372800 0.00189471 0.00887350
v -0.17820300 0.00277744 0.00966947
v -0.17462800 0.00625086 -0.00788022
v -0.17361701 0.00519204 -0.00743699
v -0.17791200 0.00263432 -0.00977754
v -0.17791200 0.00263432 -0.00977754
v -0.17371200 -0.00157911 -0.00891622
v -0.17806800 -0.00242719 -0.00982238
v -0.17806800 -0.00242719 -0.00982238
v -0.17219600 -0.00385527 -0.00718795
v -0.17829800 -0.00720446 -0.00716033
v -0.17850000 -0.00684120 0.00738943
v -0.17462499 -0.00714788 0.00707616
v -0.17479800 -0.00175851 0.01004360
v -0.17846800 0.00690315 0.00750883
v -0.17470901 0.00657915 0.00761044
v -0.17816100 0.00985775 0.00268621
v -0.17850000 0.00771334 -0.00647381
v -0.17787400 0.00966653 -0.00301404
v -0.17462800 0.00625086 -0.00788022
v -0.17462800 0.00625086 -0.00788022
v -0.17791200 0.00263432 -0.00977754
v -0.17850000 0.00771334 -0.00647381
v -0.17470901 0.00657915 0.00761044
v -0.17846800 0.00690315 0.00750883
v -0.17820300 0.00277744 0.00966947
v -0.17479800 -0.00175851 0.01004360
v -0.17820300 0.00277744 0.00966947
v -0.17850000 -0.00243509 0.00977118
v -0.17479800 -0.00175851 0.01004360
v -0.17850000 -0.00243509 0.00977118
v -0.17850000 -0.00684120 0.00738943
v -0.17462499 -0.00714788 0.00707616
v -0.17850000 -0.00684120 0.00738943
v -0.17839000 -0.00947437 0.00335679
v -0.17950700 -0.00262407 0.01099380
v -0.17850000 -0.00243509 0.00977118
v -0.17820300 0.00277744 0.00966947
v -0.17923000 -0.00812950 0.00787216
v -0.17850000 -0.00684120 0.00738943
v -0.17850000 -0.00243509 0.00977118
v -0.17829800 -0.00720446 -0.00716033
v -0.17806700 -0.01008110 -0.00127634
v -0.17940600 -0.00968040 -0.00631574
v -0.17946801 0.00404648 0.01053850
v -0.17820300 0.00277744 0.00966947
v -0.17846800 0.00690315 0.00750883
v -0.17820300 0.00277744 0.00966947
v -0.17946801 0.00404648 0.01053850
v -0.17950700 -0.00262407 0.01099380
v -0.17850000 -0.00243509 0.00977118
v -0.17950700 -0.00262407 0.01099380
v -0.17923000 -0.00812950 0.00787216
v -0.17952199 -0.01115330 0.00185758
v -0.17940600 -0.00968040 -0.00631574
v -0.17806700 -0.01008110 -0.00127634
v -0.17829800 -0.00720446 -0.00716033
v -0.17940600 -0.00968040 -0.00631574
v -0.17938501 -0.00375720 -0.01061270
v -0.17938501 -0.00375720 -0.01061270
v -0.17806800 -0.00242719 -0.00982238
v -0.17829800 -0.00720446 -0.00716033
v -0.17963000 0.00958727 -0.00603957
v -0.17850000 0.01101940 -0.00108932
v -0.17787400 0.00966653 -0.00301404
v -0.17923000 -0.00812950 0.00787216
v -0.17952199 -0.01115330 0.00185758
v -0.17839000 -0.00947437 0.00335679
v -0.17806700 -0.01008110 -0.00127634
v -0.17839000 -0.00947437 0.00335679
v -0.17952199 -0.01115330 0.00185758
v -0.17924000 0.00323632 -0.01099530
v -0.17791200 0.00263432 -0.00977754
v -0.17806800 -0.00242719 -0.00982238
v -0.17924000 0.00323632 -0.01099530
v -0.17850000 0.00771334 -0.00647381
v -0.17791200 0.00263432 -0.00977754
v -0.17850000 0.00771334 -0.00647381
v -0.17924000 0.00323632 -0.01099530
v -0.17963000 0.00958727 -0.00603957
v -0.17806800 -0.00242719 -0.00982238
v -0.17938501 -0.00375720 -0.01061270
v -0.17924000 0.00323632 -0.01099530
v -0.17816100 0.00985775 0.00268621
v -0.17787400 0.00966653 -0.00301404
v -0.17850000 0.01101940 -0.00108932
v -0.17839000 -0.00947437 0.00335679
v -0.17850000 -0.00684120 0.00738943
v -0.17923000 -0.00812950 0.00787216
v -0.17787400 0.00966653 -0.00301404
v -0.17850000 0.00771334 -0.00647381
v -0.17963000 0.00958727 -0.00603957
v -0.17846800 0.00690315 0.00750883
v -0.17816100 0.00985775 0.00268621
v -0.17997600 0.01076920 0.00414152
v -0.17816100 0.00985775 0.00268621
v -0.17850000 0.01101940 -0.00108932
v -0.17997600 0.01076920 0.00414152
v -0.17850000 0.01101940 -0.00108932
v -0.17963000 0.00958727 -0.00603957
v -0.17997600 0.01076920 0.00414152
v -0.17997600 0.01076920 0.00414152
v -0.17946801 0.00404648 0.01053850
v -0.17846800 0.00690315 0.00750883
v -0.17946801 0.00404648 0.01053850
v -0.17997600 0.01076920 0.00414152
v -0.18148901 0.00634997 0.00593757
v -0.18148901 0.00634997 0.00593757
v -0.18160100 -0.00058929 0.00864510
v -0.17946801 0.00404648 0.01053850
v -0.18160100 -0.00058929 0.00864510
v -0.17950700 -0.00262407 0.01099380
v -0.17946801 0.00404648 0.01053850
v -0.17923000 -0.00812950 0.00787216
v -0.17950700 -0.00262407 0.01099380
v -0.18153800 -0.00557571 0.00651078
v -0.18160100 -0.00058929 0.00864510
v -0.18153800 -0.00557571 0.00651078
v -0.17950700 -0.00262407 0.01099380
v -0.18159799 -0.00804432 0.00288810
v -0.17952199 -0.01115330 0.00185758
v -0.17923000 -0.00812950 0.00787216
v -0.18159799 -0.00804432 0.00288810
v -0.18152399 -0.00859241 -0.00063072
v -0.17952199 -0.01115330 0.00185758
v -0.18152399 -0.00859241 -0.00063072
v -0.17940600 -0.00968040 -0.00631574
v -0.17952199 -0.01115330 0.00185758
v -0.17940600 -0.00968040 -0.00631574
v -0.18152399 -0.00859241 -0.00063072
v -0.18155199 -0.00674101 -0.00544962
v -0.17924000 0.00323632 -0.01099530
v -0.17938501 -0.00375720 -0.01061270
v -0.18164700 -0.00085848 -0.00855722
v -0.17924000 0.00323632 -0.01099530
v -0.18164700 -0.00085848 -0.00855722
v -0.18151399 0.00418619 -0.00758157
v -0.17963000 0.00958727 -0.00603957
v -0.17924000 0.00323632 -0.01099530
v -0.18151399 0.00418619 -0.00758157
v -0.18151399 0.00418619 -0.00758157
v -0.18157201 0.00828810 -0.00237899
v -0.17963000 0.00958727 -0.00603957
v -0.18157201 0.00828810 -0.00237899
v -0.17997600 0.01076920 0.00414152
v -0.17963000 0.00958727 -0.00603957
v -0.18157201 0.00828810 -0.00237899
v -0.18156400 0.00841841 0.00150970
v -0.17997600 0.01076920 0.00414152
v -0.17997600 0.01076920 0.00414152
v -0.18156400 0.00841841 0.00150970
v -0.18148901 0.00634997 0.00593757
v -0.17940600 -0.00968040 -0.00631574
v -0.18155199 -0.00674101 -0.00544962
v -0.17938501 -0.00375720 -0.01061270
v -0.17923000 -0.00812950 0.00787216
v -0.18153800 -0.00557571 0.00651078
v -0.18159799 -0.00804432 0.00288810
v -0.19218799 0.00783436 -0.00374552
v -0.18157201 0.00828810 -0.00237899
v -0.18151399 0.00418619 -0.00758157
v -0.18148901 0.00634997 0.00593757
v -0.19221500 0.00385480 0.00768462
v -0.18160100 -0.00058929 0.00864510
v -0.18155199 -0.00674101 -0.00544962
v -0.18164700 -0.00085848 -0.00855722
v -0.17938501 -0.00375720 -0.01061270
v -0.19205201 -0.00754726 -0.00415763
v -0.19196799 -0.00427249 -0.00749541
v -0.18155199 -0.00674101 -0.00544962
v -0.19213299 -0.00856003 -0.00026026
v -0.19205201 -0.00754726 -0.00415763
v -0.18152399 -0.00859241 -0.00063072
v -0.18159799 -0.00804432 0.00288810
v -0.19213299 -0.00856003 -0.00026026
v -0.18152399 -0.00859241 -0.00063072
v -0.18159799 -0.00804432 0.00288810
v -0.18153800 -0.00557571 0.00651078
v -0.19216400 -0.00717934 0.00475177
v -0.19218300 -0.00222161 0.00850291
v -0.19216400 -0.00717934 0.00475177
v -0.18153800 -0.00557571 0.00651078
v -0.18153800 -0.00557571 0.00651078
v -0.18160100 -0.00058929 0.00864510
v -0.19218300 -0.00222161 0.00850291
v -0.19221500 0.00385480 0.00768462
v -0.19218300 -0.00222161 0.00850291
v -0.18160100 -0.00058929 0.00864510
v -0.19215800 0.00814278 0.00330737
v -0.19221500 0.00385480 0.00768462
v -0.18148901 0.00634997 0.00593757
v -0.19215800 0.00814278 0.00330737
v -0.18148901 0.00634997 0.00593757
v -0.18156400 0.00841841 0.00150970
v -0.18157201 0.00828810 -0.00237899
v -0.19218799 0.00783436 -0.00374552
v -0.19215800 0.00814278 0.00330737
v -0.19215800 0.00814278 0.00330737
v -0.18156400 0.00841841 0.00150970
v -0.18157201 0.00828810 -0.00237899
v -0.18151399 0.00418619 -0.00758157
v -0.19210300 0.00486509 -0.00704419
v -0.19218799 0.00783436 -0.00374552
v -0.19196799 -0.00427249 -0.00749541
v -0.18164700 -0.00085848 -0.00855722
v -0.18155199 -0.00674101 -0.00544962
v -0.18155199 -0.00674101 -0.00544962
v -0.18152399 -0.00859241 -0.00063072
v -0.19205201 -0.00754726 -0.00415763
v -0.19213299 -0.00856003 -0.00026026
v -0.18159799 -0.00804432 0.00288810
v -0.19408900 -0.00920875 0.00296962
v -0.19216400 -0.00717934 0.00475177
v -0.19408900 -0.00920875 0.00296962
v -0.18159799 -0.00804432 0.00288810
v -0.19196799 -0.00427249 -0.00749541
v -0.19205201 -0.00754726 -0.00415763
v -0.19421101 -0.00653764 -0.00715146
v -0.19221500 0.00385480 0.00768462
v -0.19215800 0.00814278 0.00330737
v -0.19427700 0.00610704 0.00760296
v -0.19210300 0.00486509 -0.00704419
v -0.18164700 -0.00085848 -0.00855722
v -0.19403400 -0.00105403 -0.00962781
v -0.18164700 -0.00085848 -0.00855722
v -0.19196799 -0.00427249 -0.00749541
v -0.19403400 -0.00105403 -0.00962781
v -0.19421101 -0.00653764 -0.00715146
v -0.19205201 -0.00754726 -0.00415763
v -0.19427100 -0.00931312 -0.00235778
v -0.19427700 0.00610704 0.00760296
v -0.19215800 0.00814278 0.00330737
v -0.19437200 0.00881318 0.00116429
v -0.19215800 0.00814278 0.00330737
v -0.19218799 0.00783436 -0.00374552
v -0.19439600 0.00815052 -0.00352829
v -0.19403400 -0.00105403 -0.00962781
v -0.19196799 -0.00427249 -0.00749541
v -0.19421101 -0.00653764 -0.00715146
v -0.19427100 -0.00931312 -0.00235778
v -0.19213299 -0.00856003 -0.00026026
v -0.19408900 -0.00920875 0.00296962
v -0.19408900 -0.00920875 0.00296962
v -0.19216400 -0.00717934 0.00475177
v -0.19434400 -0.00574539 0.00777378
v -0.19434400 -0.00574539 0.00777378
v -0.19218300 -0.00222161 0.00850291
v -0.19403800 0.00162641 0.00973039
v -0.19437200 0.00881318 0.00116429
v -0.19215800 0.00814278 0.00330737
v -0.19439600 0.00815052 -0.00352829
v -0.19218799 0.00783436 -0.00374552
v -0.19436400 0.00514209 -0.00822275
v -0.19439600 0.00815052 -0.00352829
v -0.19218799 0.00783436 -0.00374552
v -0.19210300 0.00486509 -0.00704419
v -0.19436400 0.00514209 -0.00822275
v -0.19436400 0.00514209 -0.00822275
v -0.19210300 0.00486509 -0.00704419
v -0.19403400 -0.00105403 -0.00962781
v -0.19427700 0.00610704 0.00760296
v -0.19403800 0.00162641 0.00973039
v -0.19221500 0.00385480 0.00768462
v -0.19221500 0.00385480 0.00768462
v -0.19403800 0.00162641 0.00973039
v -0.19218300 -0.00222161 0.00850291
v -0.19218300 -0.00222161 0.00850291
v -0.19434400 -0.00574539 0.00777378
v -0.19216400 -0.00717934 0.00475177
v -0.19213299 -0.00856003 -0.00026026
v -0.19427100 -0.00931312 -0.00235778
v -0.19205201 -0.00754726 -0.00415763
v -0.18164700 -0.00085848 -0.00855722
v -0.19210300 0.00486509 -0.00704419
v -0.18151399 0.00418619 -0.00758157
v -0.19427700 0.00610704 0.00760296
v -0.19437200 0.00881318 0.00116429
v -0.19452000 0.00684755 0.00545865
v -0.19427100 -0.00931312 -0.00235778
v -0.19461299 -0.00852705 -0.00096921
v -0.19450000 -0.00658373 -0.00549777
v -0.19403800 0.00162641 0.00973039
v -0.19427700 0.00610704 0.00760296
v -0.19482100 0.00193713 0.00836561
v -0.19408900 -0.00920875 0.00296962
v -0.19449800 -0.00749547 0.00442765
v -0.19461299 -0.00852705 -0.00096921
v -0.19452000 0.00684755 0.00545865
v -0.19482100 0.00193713 0.00836561
v -0.19427700 0.00610704 0.00760296
v -0.19436400 0.00514209 -0.00822275
v -0.19403400 -0.00105403 -0.00962781
v -0.19449800 0.00302000 -0.00816493
v -0.19461299 -0.00852705 -0.00096921
v -0.19427100 -0.00931312 -0.00235778
v -0.19408900 -0.00920875 0.00296962
v -0.19403400 -0.00105403 -0.00962781
v -0.19421101 -0.00653764 -0.00715146
v -0.19461501 -0.00306248 -0.00801696
v -0.19449800 -0.00749547 0.00442765
v -0.19408900 -0.00920875 0.00296962
v -0.19434400 -0.00574539 0.00777378
v -0.19434400 -0.00574539 0.00777378
v -0.19403800 0.00162641 0.00973039
v -0.19450000 -0.00297561 0.00804460
v -0.19450000 -0.00658373 -0.00549777
v -0.19421101 -0.00653764 -0.00715146
v -0.19427100 -0.00931312 -0.00235778
v -0.19450000 -0.00297561 0.00804460
v -0.19449800 -0.00749547 0.00442765
v -0.19434400 -0.00574539 0.00777378
v -0.19482100 0.00193713 0.00836561
v -0.19450000 -0.00297561 0.00804460
v -0.19403800 0.00162641 0.00973039
v -0.19461501 -0.00306248 -0.00801696
v -0.19449800 0.00302000 -0.00816493
v -0.19403400 -0.00105403 -0.00962781
v -0.19450000 -0.00658373 -0.00549777
v -0.19461501 -0.00306248 -0.00801696
v -0.19421101 -0.00653764 -0.00715146
v -0.19449800 0.00302000 -0.00816493
v -0.19439600 0.00815052 -0.00352829
v -0.19436400 0.00514209 -0.00822275
v -0.19450000 -0.00658373 -0.00549777
v -0.19461299 -0.00852705 -0.00096921
v -0.19995201 -0.00802795 -0.00335455
v -0.19449800 -0.00749547 0.00442765
v -0.20201001 -0.00814383 0.00196666
v -0.19461299 -0.00852705 -0.00096921
v -0.19449800 -0.00749547 0.00442765
v -0.19996201 -0.00591294 0.00615583
v -0.20201001 -0.00814383 0.00196666
v -0.19449800 -0.00749547 0.00442765
v -0.19450000 -0.00297561 0.00804460
v -0.19996201 -0.00591294 0.00615583
v -0.19450000 -0.00297561 0.00804460
v -0.19482100 0.00193713 0.00836561
v -0.19997901 -0.00257783 0.00805193
v -0.19452000 0.00684755 0.00545865
v -0.19997799 0.00572394 0.00620328
v -0.19482100 0.00193713 0.00836561
v -0.19452000 0.00684755 0.00545865
v -0.19437200 0.00881318 0.00116429
v -0.19982301 0.00845747 -0.00148314
v -0.19437200 0.00881318 0.00116429
v -0.19439600 0.00815052 -0.00352829
v -0.19982301 0.00845747 -0.00148314
v -0.19439600 0.00815052 -0.00352829
v -0.19449800 0.00302000 -0.00816493
v -0.19997101 0.00662210 -0.00531389
v -0.19449800 0.00302000 -0.00816493
v -0.20122600 0.00276280 -0.00803980
v -0.19997101 0.00662210 -0.00531389
v -0.19449800 0.00302000 -0.00816493
v -0.19998200 -0.00179230 -0.00822015
v -0.20122600 0.00276280 -0.00803980
v -0.19449800 0.00302000 -0.00816493
v -0.19461501 -0.00306248 -0.00801696
v -0.19998200 -0.00179230 -0.00822015
v -0.19450000 -0.00658373 -0.00549777
v -0.19995201 -0.00802795 -0.00335455
v -0.19461501 -0.00306248 -0.00801696
v -0.19997101 0.00662210 -0.00531389
v -0.19982301 0.00845747 -0.00148314
v -0.19439600 0.00815052 -0.00352829
v -0.19982301 0.00845747 -0.00148314
v -0.20088699 0.00796799 0.00278367
v -0.19452000 0.00684755 0.00545865
v -0.20088699 0.00796799 0.00278367
v -0.19997799 0.00572394 0.00620328
v -0.19452000 0.00684755 0.00545865
v -0.19997901 -0.00257783 0.00805193
v -0.19996201 -0.00591294 0.00615583
v -0.19450000 -0.00297561 0.00804460
v -0.20098899 0.00187053 0.00808590
v -0.19997901 -0.00257783 0.00805193
v -0.19482100 0.00193713 0.00836561
v -0.20201001 -0.00814383 0.00196666
v -0.19995201 -0.00802795 -0.00335455
v -0.19461299 -0.00852705 -0.00096921
v -0.19995201 -0.00802795 -0.00335455
v -0.19998200 -0.00179230 -0.00822015
v -0.19461501 -0.00306248 -0.00801696
v -0.20347100 -0.00257235 0.00813990
v -0.19997901 -0.00257783 0.00805193
v -0.20098899 0.00187053 0.00808590
v -0.20342700 -0.00801208 -0.00267286
v -0.19995201 -0.00802795 -0.00335455
v -0.20201001 -0.00814383 0.00196666
v -0.20122600 0.00276280 -0.00803980
v -0.19998200 -0.00179230 -0.00822015
v -0.20347901 -0.00189434 -0.00821614
v -0.20088699 0.00796799 0.00278367
v -0.19982301 0.00845747 -0.00148314
v -0.20347500 0.00834006 -0.00167216
v -0.19482100 0.00193713 0.00836561
v -0.19997799 0.00572394 0.00620328
v -0.20098899 0.00187053 0.00808590
v -0.20088699 0.00796799 0.00278367
v -0.20348801 0.00358440 0.00023475
v -0.19968200 0.00466365 -0.00029149
v -0.19997799 0.00572394 0.00620328
v -0.19968200 0.00466365 -0.00029149
v -0.20098899 0.00187053 0.00808590
v -0.19968200 0.00466365 -0.00029149
v -0.19870800 0.00112948 0.00513659
v -0.20098899 0.00187053 0.00808590
v -0.20088699 0.00796799 0.00278367
v -0.19968200 0.00466365 -0.00029149
v -0.19997799 0.00572394 0.00620328
v -0.19996201 -0.00591294 0.00615583
v -0.19997901 -0.00257783 0.00805193
v -0.20201001 -0.00814383 0.00196666
v -0.19997901 -0.00257783 0.00805193
v -0.19868800 -0.00524349 0.00128399
v -0.20201001 -0.00814383 0.00196666
v -0.19995201 -0.00802795 -0.00335455
v -0.20342700 -0.00801208 -0.00267286
v -0.19998200 -0.00179230 -0.00822015
v -0.19982301 0.00845747 -0.00148314
v -0.19997101 0.00662210 -0.00531389
v -0.20036700 0.00134473 -0.00511805
v -0.20122600 0.00276280 -0.00803980
v -0.20036700 0.00134473 -0.00511805
v -0.19997101 0.00662210 -0.00531389
v -0.20098899 0.00187053 0.00808590
v -0.19870800 0.00112948 0.00513659
v -0.20350100 -0.00001618 0.00386935
v -0.19982301 0.00845747 -0.00148314
v -0.19968200 0.00466365 -0.00029149
v -0.20348801 0.00358440 0.00023475
v -0.20348801 0.00358440 0.00023475
v -0.20347500 0.00834006 -0.00167216
v -0.19982301 0.00845747 -0.00148314
v -0.20348801 0.00358440 0.00023475
v -0.20088699 0.00796799 0.00278367
v -0.20347500 0.00834006 -0.00167216
v -0.20036700 0.00134473 -0.00511805
v -0.19968200 0.00466365 -0.00029149
v -0.19982301 0.00845747 -0.00148314
v -0.19998200 -0.00179230 -0.00822015
v -0.19852500 0.00294904 -0.00460768
v -0.20347901 -0.00189434 -0.00821614
v -0.20036700 0.00134473 -0.00511805
v -0.20122600 0.00276280 -0.00803980
v -0.20347901 -0.00189434 -0.00821614
v -0.19738400 -0.00396791 -0.00598120
v -0.20342700 -0.00801208 -0.00267286
v -0.19868800 -0.00524349 0.00128399
v -0.20342700 -0.00801208 -0.00267286
v -0.19738400 -0.00396791 -0.00598120
v -0.19998200 -0.00179230 -0.00822015
v -0.19870800 0.00112948 0.00513659
v -0.19997901 -0.00257783 0.00805193
v -0.20350100 -0.00001618 0.00386935
v -0.19997901 -0.00257783 0.00805193
v -0.19870800 0.00112948 0.00513659
v -0.19868800 -0.00524349 0.00128399
v -0.20347901 -0.00189434 -0.00821614
v -0.19852500 0.00294904 -0.00460768
v -0.20036700 0.00134473 -0.00511805
v -0.19998200 -0.00179230 -0.00822015
v -0.19738400 -0.00396791 -0.00598120
v -0.19852500 0.00294904 -0.00460768
v -0.19868800 -0.00524349 0.00128399
v -0.20342700 -0.00801208 -0.00267286
v -0.20201001 -0.00814383 0.00196666
v -0.19968200 0.00466365 -0.00029149
v -0.20036700 0.00134473 -0.00511805
v -0.19852500 0.00294904 -0.00460768
v -0.20347100 -0.00257235 0.00813990
v -0.20350100 -0.00001618 0.00386935
v -0.19997901 -0.00257783 0.00805193
v -0.20347100 -0.00257235 0.00813990
v -0.20098899 0.00187053 0.00808590
v -0.20350100 -0.00001618 0.00386935
v -0.00791509 -0.00740477 -0.02599770
v -0.00518386 -0.00627659 -0.02599680
v -0.00619619 -0.00789610 -0.02599230
v -0.00790564 -0.00554816 -0.02599720
v -0.00639983 -0.00499784 -0.01012610
v -0.00518386 -0.00627659 -0.02599680
v -0.00790564 -0.00554816 -0.02599720
v -0.00815168 -0.00636052 -0.01006060
v -0.00790564 -0.00554816 -0.02599720
v -0.00791509 -0.00740477 -0.02599770
v -0.00815168 -0.00636052 -0.01006060
v -0.00639983 -0.00499784 -0.01012610
v -0.00790564 -0.00554816 -0.02599720
v -0.00639983 -0.00499784 -0.01012610
v -0.00463508 -0.00838096 -0.00993740
v -0.00518386 -0.00627659 -0.02599680
v -0.00463508 -0.00838096 -0.00993740
v -0.00815168 -0.00636052 -0.01006060
v -0.00791509 -0.00740477 -0.02599770
v -0.00791509 -0.00740477 -0.02599770
v -0.00619619 -0.00789610 -0.02599230
v -0.00463508 -0.00838096 -0.00993740
v -0.00619619 -0.00789610 -0.02599230
v -0.00518386 -0.00627659 -0.02599680
v -0.00463508 -0.00838096 -0.00993740
v -0.00815410 -0.00396322 -0.00808538
v -0.00426701 -0.00512639 -0.00813684
v -0.00639983 -0.00499784 -0.01012610
v -0.00815410 -0.00396322 -0.00808538
v -0.00639983 -0.00499784 -0.01012610
v -0.00815168 -0.00636052 -0.01006060
v -0.00426701 -0.00512639 -0.00813684
v -0.00463508 -0.00838096 -0.00993740
v -0.00639983 -0.00499784 -0.01012610
v -0.00860143 -0.00892294 -0.00843085
v -0.00815168 -0.00636052 -0.01006060
v -0.00463508 -0.00838096 -0.00993740
v -0.00815168 -0.00636052 -0.01006060
v -0.00860143 -0.00892294 -0.00843085
v -0.00815410 -0.00396322 -0.00808538
v -0.00426701 -0.00512639 -0.00813684
v -0.00860143 -0.00892294 -0.00843085
v -0.00463508 -0.00838096 -0.00993740
v -0.00426701 -0.00512639 -0.00813684
v -0.00815410 -0.00396322 -0.00808538
v -0.00860143 -0.00892294 -0.00843085
v -0.00494587 -0.00224096 -0.01360000
v -0.01002830 -0.00354590 -0.01301220
v -0.00196585 -0.00826804 -0.01306540
v -0.01002830 -0.00354590 -0.01301220
v -0.01053820 -0.00976310 -0.01323290
v -0.00196585 -0.00826804 -0.01306540
v -0.00494587 -0.00224096 -0.01360000
v -0.01053820 -0.00976310 -0.01323290
v -0.01002830 -0.00354590 -0.01301220
v -0.01053820 -0.00976310 -0.01323290
v -0.00494587 -0.00224096 -0.01360000
v -0.01002830 -0.00354590 -0.01301220
v -0.00196585 -0.00826804 -0.01306540
v -0.01053820 -0.00976310 -0.01323290
v -0.00494587 -0.00224096 -0.01360000
v -0.00642587 -0.00813305 -0.01360000
v -0.00505198 -0.00617586 -0.01360000
v -0.00586149 -0.00786480 -0.02360000
v -0.00838304 -0.00675917 -0.01360000
v -0.00642587 -0.00813305 -0.01360000
v -0.00821461 -0.00737570 -0.02360000
v -0.00700917 -0.00480198 -0.01360000
v -0.00838304 -0.00675917 -0.01360000
v -0.00757354 -0.00507024 -0.02360000
v -0.00505198 -0.00617586 -0.01360000
v -0.00700917 -0.00480198 -0.01360000
v -0.00522041 -0.00555933 -0.02360000
v -0.00757354 -0.00507024 -0.02360000
v -0.00522041 -0.00555933 -0.02360000
v -0.00700917 -0.00480198 -0.01360000
v -0.00821461 -0.00737570 -0.02360000
v -0.00757354 -0.00507024 -0.02360000
v -0.00838304 -0.00675917 -0.01360000
v -0.00586149 -0.00786480 -0.02360000
v -0.00821461 -0.00737570 -0.02360000
v -0.00642587 -0.00813305 -0.01360000
v -0.00522041 -0.00555933 -0.02360000
v -0.00586149 -0.00786480 -0.02360000
v -0.00505198 -0.00617586 -0.01360000
v -0.01028310 -0.00593214 -0.01360000
v -0.00838304 -0.00675917 -0.01360000
v -0.00700917 -0.00480198 -0.01360000
v -0.00351818 -0.00480477 -0.01360000
v -0.00561092 -0.00310740 -0.01360000
v -0.00838026 -0.00326818 -0.01360000
v -0.00885188 -0.00949005 -0.01360000
v -0.00505198 -0.00617586 -0.01360000
v -0.00642587 -0.00813305 -0.01360000
v -0.00505476 -0.00966685 -0.01360000
v -0.00335740 -0.00757410 -0.01360000
v -0.00838026 -0.00326818 -0.01360000
v -0.00471314 -0.00321785 -0.02360000
v -0.00861799 -0.00348371 -0.02360000
v -0.00838026 -0.00326818 -0.01360000
v -0.00861799 -0.00348371 -0.02360000
v -0.01022790 -0.00564433 -0.02360000
v -0.01028310 -0.00593214 -0.01360000
v -0.01022790 -0.00564433 -0.02360000
v -0.00912094 -0.00928084 -0.02360000
v -0.00885188 -0.00949005 -0.01360000
v -0.00912094 -0.00928084 -0.02360000
v -0.00532004 -0.00979130 -0.02360000
v -0.00505476 -0.00966685 -0.01360000
v -0.00532004 -0.00979130 -0.02360000
v -0.00320710 -0.00729061 -0.02360000
v -0.00351818 -0.00480477 -0.01360000
v -0.00320710 -0.00729061 -0.02360000
v -0.00471314 -0.00321785 -0.02360000
v -0.00320710 -0.00729061 -0.02360000
v -0.00351818 -0.00480477 -0.01360000
v -0.00335740 -0.00757410 -0.01360000
v -0.00320710 -0.00729061 -0.02360000
v -0.00335740 -0.00757410 -0.01360000
v -0.00505476 -0.00966685 -0.01360000
v -0.00532004 -0.00979130 -0.02360000
v -0.00505476 -0.00966685 -0.01360000
v -0.00885188 -0.00949005 -0.01360000
v -0.00912094 -0.00928084 -0.02360000
v -0.00885188 -0.00949005 -0.01360000
v -0.01028310 -0.00593214 -0.01360000
v -0.01022790 -0.00564433 -0.02360000
v -0.01028310 -0.00593214 -0.01360000
v -0.00838026 -0.00326818 -0.01360000
v -0.00471314 -0.00321785 -0.02360000
v -0.00838026 -0.00326818 -0.01360000
v -0.00561092 -0.00310740 -0.01360000
v -0.00471314 -0.00321785 -0.02360000
v -0.00561092 -0.00310740 -0.01360000
v -0.00351818 -0.00480477 -0.01360000
v -0.00532004 -0.00979130 -0.02360000
v -0.00912094 -0.00928084 -0.02360000
v -0.00821461 -0.00737570 -0.02360000
v -0.01022790 -0.00564433 -0.02360000
v -0.00586149 -0.00786480 -0.02360000
v -0.00861799 -0.00348371 -0.02360000
v -0.00471314 -0.00321785 -0.02360000
v -0.00757354 -0.00507024 -0.02360000
v -0.00522041 -0.00555933 -0.02360000
v -0.00320710 -0.00729061 -0.02360000
v -0.01048650 -0.00330833 -0.01243640
v -0.00397180 -0.00267394 -0.01240000
v -0.00862142 -0.01042190 -0.01256320
v -0.00397180 -0.00267394 -0.01240000
v -0.00237551 -0.00848654 -0.01244740
v -0.00862142 -0.01042190 -0.01256320
v -0.00671751 -0.00646751 -0.01200000
v -0.00237551 -0.00848654 -0.01244740
v -0.00397180 -0.00267394 -0.01240000
v -0.00671751 -0.00646751 -0.01200000
v -0.00397180 -0.00267394 -0.01240000
v -0.01048650 -0.00330833 -0.01243640
v -0.00671751 -0.00646751 -0.01200000
v -0.01048650 -0.00330833 -0.01243640
v -0.00862142 -0.01042190 -0.01256320
v -0.00862142 -0.01042190 -0.01256320
v -0.00237551 -0.00848654 -0.01244740
v -0.00671751 -0.00646751 -0.01200000
v -0.20646000 0.00192183 -0.00566094
v -0.20649999 0.00135684 -0.00987771
v -0.20419700 0.00450874 -0.00889975
v -0.20650101 -0.00629505 -0.00815432
v -0.20646000 0.00192183 -0.00566094
v -0.20431000 0.00060548 -0.00388800
v -0.20649999 0.00135684 -0.00987771
v -0.20650101 -0.00629505 -0.00815432
v -0.20439100 -0.00213347 -0.00982902
v -0.20439100 -0.00213347 -0.00982902
v -0.20419700 0.00450874 -0.00889975
v -0.20649999 0.00135684 -0.00987771
v -0.20431000 0.00060548 -0.00388800
v -0.20439100 -0.00213347 -0.00982902
v -0.20650101 -0.00629505 -0.00815432
v -0.20419700 0.00450874 -0.00889975
v -0.20431000 0.00060548 -0.00388800
v -0.20646000 0.00192183 -0.00566094
v -0.20649999 -0.00821357 0.00592203
v -0.20648900 -0.00364814 0.00477198
v -0.20650101 -0.01001380 -0.00010220
v -0.20650101 -0.00629505 -0.00815432
v -0.20649099 -0.00504747 -0.00283541
v -0.20649999 -0.00272245 0.00992569
v -0.20650101 0.00246809 0.00522281
v -0.20649999 0.00550256 0.00850582
v -0.20649999 0.01022670 0.00224306
v -0.20649999 0.00135684 -0.00987771
v -0.20646000 0.00192183 -0.00566094
v -0.20649999 0.00729184 -0.00724578
v -0.20649999 0.00135684 -0.00987771
v -0.20649999 0.01022670 0.00224306
v -0.20649999 0.01022670 0.00224306
v -0.20646000 0.00192183 -0.00566094
v -0.20652300 0.00575732 0.00055157
v -0.20652300 0.00575732 0.00055157
v -0.20650101 0.00246809 0.00522281
v -0.20649999 0.01022670 0.00224306
v -0.20646000 0.00192183 -0.00566094
v -0.20650101 -0.01001380 -0.00010220
v -0.20649099 -0.00504747 -0.00283541
v -0.20434500 -0.00574076 0.00057982
v -0.20649099 -0.00504747 -0.00283541
v -0.20650101 -0.01001380 -0.00010220
v -0.20418601 -0.00889603 -0.00451936
v -0.20418601 -0.00889603 -0.00451936
v -0.20434500 -0.00574076 0.00057982
v -0.20649099 -0.00504747 -0.00283541
v -0.20425500 -0.00943475 0.00372761
v -0.20418601 -0.00889603 -0.00451936
v -0.20650101 -0.01001380 -0.00010220
v -0.20434500 -0.00574076 0.00057982
v -0.20425500 -0.00943475 0.00372761
v -0.20650101 -0.01001380 -0.00010220
v -0.20649999 -0.00272245 0.00992569
v -0.20650101 0.00246809 0.00522281
v -0.20447400 -0.00298697 0.00958928
v -0.20650101 0.00246809 0.00522281
v -0.20649999 -0.00272245 0.00992569
v -0.20447400 -0.00298697 0.00958928
v -0.20434500 0.00057983 0.00574070
v -0.20447400 -0.00298697 0.00958928
v -0.20650101 0.00246809 0.00522281
v -0.20447400 -0.00298697 0.00958928
v -0.20434500 0.00057983 0.00574070
v -0.20650101 0.00246809 0.00522281
v -0.20652300 0.00575732 0.00055157
v -0.20649999 0.01022670 0.00224306
v -0.20524999 0.00941858 0.00305972
v -0.20649999 0.01022670 0.00224306
v -0.20652300 0.00575732 0.00055157
v -0.20429900 0.00951907 -0.00226162
v -0.20429900 0.00951907 -0.00226162
v -0.20524999 0.00941858 0.00305972
v -0.20649999 0.01022670 0.00224306
v -0.20524999 0.00941858 0.00305972
v -0.20429900 0.00951907 -0.00226162
v -0.20652300 0.00575732 0.00055157
v -0.20652300 0.00575732 0.00055157
v -0.20646000 0.00192183 -0.00566094
v -0.20401600 0.00307471 0.00224962
v -0.20649099 -0.00504747 -0.00283541
v -0.20648900 -0.00364814 0.00477198
v -0.20393801 -0.00233109 0.00237258
v -0.20648900 -0.00364814 0.00477198
v -0.20650101 0.00246809 0.00522281
v -0.20401600 0.00307471 0.00224962
v -0.20650101 0.00246809 0.00522281
v -0.20652300 0.00575732 0.00055157
v -0.20401600 0.00307471 0.00224962
v -0.20401600 0.00307471 0.00224962
v -0.20393801 -0.00233109 0.00237258
v -0.20648900 -0.00364814 0.00477198
v -0.20649099 -0.00504747 -0.00283541
v -0.20431000 0.00060548 -0.00388800
v -0.20646000 0.00192183 -0.00566094
v -0.20431000 0.00060548 -0.00388800
v -0.20401600 0.00307471 0.00224962
v -0.20646000 0.00192183 -0.00566094
v -0.20431000 0.00060548 -0.00388800
v -0.20649099 -0.00504747 -0.00283541
v -0.20399299 -0.00368010 -0.00284579
v -0.20393801 -0.00233109 0.00237258
v -0.20399299 -0.00368010 -0.00284579
v -0.20649099 -0.00504747 -0.00283541
v -0.20429900 0.00951907 -0.00226162
v -0.20524999 0.00941858 0.00305972
v -0.20401600 0.00307471 0.00224962
v -0.20390800 0.00862942 0.00495017
v -0.20401600 0.00307471 0.00224962
v -0.20524999 0.00941858 0.00305972
v -0.20447400 -0.00298697 0.00958928
v -0.20434500 0.00057983 0.00574070
v -0.20415901 0.00219978 0.00977251
v -0.20649999 -0.00821357 0.00592203
v -0.20425500 -0.00943475 0.00372761
v -0.20391500 -0.00539682 0.00871278
v -0.20649999 -0.00272245 0.00992569
v -0.20649999 -0.00821357 0.00592203
v -0.20391500 -0.00539682 0.00871278
v -0.20649999 0.00550256 0.00850582
v -0.20415901 0.00219978 0.00977251
v -0.20395800 0.00464112 0.00923901
v -0.20649999 0.01022670 0.00224306
v -0.20649999 0.00550256 0.00850582
v -0.20395800 0.00464112 0.00923901
v -0.20425500 -0.00943475 0.00372761
v -0.20649999 -0.00821357 0.00592203
v -0.20650101 -0.01001380 -0.00010220
v -0.20447400 -0.00298697 0.00958928
v -0.20649999 -0.00272245 0.00992569
v -0.20391500 -0.00539682 0.00871278
v -0.20649999 -0.00272245 0.00992569
v -0.20447400 -0.00298697 0.00958928
v -0.20415901 0.00219978 0.00977251
v -0.20415901 0.00219978 0.00977251
v -0.20649999 0.00550256 0.00850582
v -0.20649999 -0.00272245 0.00992569
v -0.20390800 0.00862942 0.00495017
v -0.20524999 0.00941858 0.00305972
v -0.20649999 0.01022670 0.00224306
v -0.20649999 0.01022670 0.00224306
v -0.20524999 0.00941858 0.00305972
v -0.20429900 0.00951907 -0.00226162
v -0.20383400 0.00926916 -0.00443591
v -0.20649999 0.00729184 -0.00724578
v -0.20429900 0.00951907 -0.00226162
v -0.20429900 0.00951907 -0.00226162
v -0.20649999 0.00729184 -0.00724578
v -0.20649999 0.01022670 0.00224306
v -0.20649999 0.00135684 -0.00987771
v -0.20649999 0.00729184 -0.00724578
v -0.20419700 0.00450874 -0.00889975
v -0.20391400 -0.00455470 -0.00918115
v -0.20650101 -0.00629505 -0.00815432
v -0.20439100 -0.00213347 -0.00982902
v -0.20650101 -0.01001380 -0.00010220
v -0.20650101 -0.00629505 -0.00815432
v -0.20418601 -0.00889603 -0.00451936
v -0.20418601 -0.00889603 -0.00451936
v -0.20425500 -0.00943475 0.00372761
v -0.20650101 -0.01001380 -0.00010220
v -0.20439100 -0.00213347 -0.00982902
v -0.20650101 -0.00629505 -0.00815432
v -0.20649999 0.00135684 -0.00987771
v -0.20419700 0.00450874 -0.00889975
v -0.20439100 -0.00213347 -0.00982902
v -0.20649999 0.00135684 -0.00987771
v -0.20395800 0.00464112 0.00923901
v -0.20390800 0.00862942 0.00495017
v -0.20649999 0.01022670 0.00224306
v -0.20391400 -0.00455470 -0.00918115
v -0.20418601 -0.00889603 -0.00451936
v -0.20650101 -0.00629505 -0.00815432
v -0.20383400 0.00926916 -0.00443591
v -0.20419700 0.00450874 -0.00889975
v -0.20649999 0.00729184 -0.00724578
v -0.20391500 -0.00539682 0.00871278
v -0.20425500 -0.00943475 0.00372761
v -0.20051301 -0.00749205 0.00376725
v -0.20051301 -0.00749205 0.00376725
v -0.20050600 -0.00444262 0.00706995
v -0.20391500 -0.00539682 0.00871278
v -0.20393801 -0.00233109 0.00237258
v -0.20391500 -0.00539682 0.00871278
v -0.20050600 -0.00444262 0.00706995
v -0.20050600 -0.00444262 0.00706995
v -0.20049500 -0.00303780 0.00276020
v -0.20393801 -0.00233109 0.00237258
v -0.20393801 -0.00233109 0.00237258
v -0.20051301 -0.00749205 0.00376725
v -0.20425500 -0.00943475 0.00372761
v -0.20049500 -0.00303780 0.00276020
v -0.20051301 -0.00749205 0.00376725
v -0.20393801 -0.00233109 0.00237258
v -0.20050600 -0.00444262 0.00706995
v -0.20051301 -0.00749205 0.00376725
v -0.20049500 -0.00303780 0.00276020
v -0.20395800 0.00464112 0.00923901
v -0.20049100 0.00382790 0.00755865
v -0.20390800 0.00862942 0.00495017
v -0.20049100 0.00382790 0.00755865
v -0.20395800 0.00464112 0.00923901
v -0.20052700 0.00237469 0.00303977
v -0.20390800 0.00862942 0.00495017
v -0.20052700 0.00237469 0.00303977
v -0.20401600 0.00307471 0.00224962
v -0.20401600 0.00307471 0.00224962
v -0.20052700 0.00237469 0.00303977
v -0.20395800 0.00464112 0.00923901
v -0.20052700 0.00237469 0.00303977
v -0.20390800 0.00862942 0.00495017
v -0.20049100 0.00382790 0.00755865
v -0.20049100 0.00451969 -0.00716654
v -0.20419700 0.00450874 -0.00889975
v -0.20383400 0.00926916 -0.00443591
v -0.20052500 0.00265283 -0.00281072
v -0.20419700 0.00450874 -0.00889975
v -0.20049100 0.00451969 -0.00716654
v -0.20419700 0.00450874 -0.00889975
v -0.20052500 0.00265283 -0.00281072
v -0.20431000 0.00060548 -0.00388800
v -0.20383400 0.00926916 -0.00443591
v -0.20431000 0.00060548 -0.00388800
v -0.20052500 0.00265283 -0.00281072
v -0.20049100 0.00451969 -0.00716654
v -0.20383400 0.00926916 -0.00443591
v -0.20052500 0.00265283 -0.00281072
v -0.20439100 -0.00213347 -0.00982902
v -0.20399299 -0.00368010 -0.00284579
v -0.20391400 -0.00455470 -0.00918115
v -0.20399299 -0.00368010 -0.00284579
v -0.20434500 -0.00574076 0.00057982
v -0.20418601 -0.00889603 -0.00451936
v -0.20434500 -0.00574076 0.00057982
v -0.20399299 -0.00368010 -0.00284579
v -0.20393801 -0.00233109 0.00237258
v -0.20391500 -0.00539682 0.00871278
v -0.20393801 -0.00233109 0.00237258
v -0.20447400 -0.00298697 0.00958928
v -0.20393801 -0.00233109 0.00237258
v -0.20401600 0.00307471 0.00224962
v -0.20434500 0.00057983 0.00574070
v -0.20393801 -0.00233109 0.00237258
v -0.20434500 0.00057983 0.00574070
v -0.20447400 -0.00298697 0.00958928
v -0.20429900 0.00951907 -0.00226162
v -0.20401600 0.00307471 0.00224962
v -0.20383400 0.00926916 -0.00443591
v -0.20401600 0.00307471 0.00224962
v -0.20431000 0.00060548 -0.00388800
v -0.20383400 0.00926916 -0.00443591
v -0.20415901 0.00219978 0.00977251
v -0.20401600 0.00307471 0.00224962
v -0.20395800 0.00464112 0.00923901
v -0.20393801 -0.00233109 0.00237258
v -0.20425500 -0.00943475 0.00372761
v -0.20434500 -0.00574076 0.00057982
v -0.20439100 -0.00213347 -0.00982902
v -0.20431000 0.00060548 -0.00388800
v -0.20399299 -0.00368010 -0.00284579
v -0.20415901 0.00219978 0.00977251
v -0.20434500 0.00057983 0.00574070
v -0.20401600 0.00307471 0.00224962
v -0.20399299 -0.00368010 -0.00284579
v -0.20418601 -0.00889603 -0.00451936
v -0.20034499 -0.00693126 -0.00434987
v -0.20391400 -0.00455470 -0.00918115
v -0.20399299 -0.00368010 -0.00284579
v -0.20034599 -0.00360186 -0.00710012
v -0.20034599 -0.00360186 -0.00710012
v -0.20399299 -0.00368010 -0.00284579
v -0.20034499 -0.00693126 -0.00434987
v -0.20391400 -0.00455470 -0.00918115
v -0.20034599 -0.00360186 -0.00710012
v -0.20034499 -0.00693126 -0.00434987
v -0.20034499 -0.00693126 -0.00434987
v -0.20418601 -0.00889603 -0.00451936
v -0.20391400 -0.00455470 -0.00918115
v -0.01358990 0.00934471 0.01299880
v -0.01282430 0.01015280 0.01299550
v -0.01384600 0.01173350 0.01298440
v -0.01521690 0.01046210 0.01294600
v -0.01358990 0.00934471 0.01299880
v -0.01384600 0.01173350 0.01298440
v -0.01499000 0.00977574 -0.01188330
v -0.01358990 0.00934471 0.01299880
v -0.01521690 0.01046210 0.01294600
v -0.01482540 0.01142610 -0.01192950
v -0.01521690 0.01046210 0.01294600
v -0.01384600 0.01173350 0.01298440
v -0.01304870 0.01130430 -0.01192940
v -0.01384600 0.01173350 0.01298440
v -0.01282430 0.01015280 0.01299550
v -0.01358990 0.00934471 0.01299880
v -0.01499000 0.00977574 -0.01188330
v -0.01390160 0.00924496 -0.01196420
v -0.01358990 0.00934471 0.01299880
v -0.01390160 0.00924496 -0.01196420
v -0.01295240 0.00990917 -0.01199940
v -0.01295240 0.00990917 -0.01199940
v -0.01282430 0.01015280 0.01299550
v -0.01358990 0.00934471 0.01299880
v -0.01295240 0.00990917 -0.01199940
v -0.01304870 0.01130430 -0.01192940
v -0.01282430 0.01015280 0.01299550
v -0.01304870 0.01130430 -0.01192940
v -0.01482540 0.01142610 -0.01192950
v -0.01384600 0.01173350 0.01298440
v -0.01482540 0.01142610 -0.01192950
v -0.01499000 0.00977574 -0.01188330
v -0.01521690 0.01046210 0.01294600
v -0.01576400 0.00878150 -0.01352370
v -0.01499000 0.00977574 -0.01188330
v -0.01482540 0.01142610 -0.01192950
v -0.01482540 0.01142610 -0.01192950
v -0.01572820 0.01170250 -0.01384410
v -0.01576400 0.00878150 -0.01352370
v -0.01576400 0.00878150 -0.01352370
v -0.01390160 0.00924496 -0.01196420
v -0.01499000 0.00977574 -0.01188330
v -0.01241220 0.00893922 -0.01368650
v -0.01295240 0.00990917 -0.01199940
v -0.01390160 0.00924496 -0.01196420
v -0.01243700 0.01203270 -0.01391610
v -0.01304870 0.01130430 -0.01192940
v -0.01295240 0.00990917 -0.01199940
v -0.01572820 0.01170250 -0.01384410
v -0.01482540 0.01142610 -0.01192950
v -0.01304870 0.01130430 -0.01192940
v -0.01390160 0.00924496 -0.01196420
v -0.01576400 0.00878150 -0.01352370
v -0.01241220 0.00893922 -0.01368650
v -0.01295240 0.00990917 -0.01199940
v -0.01241220 0.00893922 -0.01368650
v -0.01243700 0.01203270 -0.01391610
v -0.01304870 0.01130430 -0.01192940
v -0.01243700 0.01203270 -0.01391610
v -0.01572820 0.01170250 -0.01384410
v -0.01572820 0.01170250 -0.01384410
v -0.01241220 0.00893922 -0.01368650
v -0.01576400 0.00878150 -0.01352370
v -0.01572820 0.01170250 -0.01384410
v -0.01243700 0.01203270 -0.01391610
v -0.01241220 0.00893922 -0.01368650
v 0.01115880 0.01004830 0.01334220
v 0.01565760 0.01275800 0.01296840
v 0.01435040 0.00776538 0.01265690
v 0.01435040 0.00776538 0.01265690
v 0.01565760 0.01275800 0.01296840
v 0.01115880 0.01004830 0.01334220
v 0.01458720 0.00942813 0.01294590
v 0.01508440 0.01107180 0.01299940
v 0.01342820 0.01158440 0.01299970
v 0.01292540 0.00992759 0.01293240
v 0.01458720 0.00942813 0.01294590
v 0.01342820 0.01158440 0.01299970
v 0.01370510 0.00926663 -0.01194090
v 0.01458720 0.00942813 0.01294590
v 0.01292540 0.00992759 0.01293240
v 0.01518050 0.01020500 -0.01191210
v 0.01508440 0.01107180 0.01299940
v 0.01458720 0.00942813 0.01294590
v 0.01508440 0.01107180 0.01299940
v 0.01465890 0.01159750 -0.01192960
v 0.01342820 0.01158440 0.01299970
v 0.01342820 0.01158440 0.01299970
v 0.01290250 0.01115890 -0.01192960
v 0.01292540 0.00992759 0.01293240
v 0.01342820 0.01158440 0.01299970
v 0.01465890 0.01159750 -0.01192960
v 0.01290250 0.01115890 -0.01192960
v 0.01508440 0.01107180 0.01299940
v 0.01518050 0.01020500 -0.01191210
v 0.01465890 0.01159750 -0.01192960
v 0.01370510 0.00926663 -0.01194090
v 0.01518050 0.01020500 -0.01191210
v 0.01458720 0.00942813 0.01294590
v 0.01290250 0.01115890 -0.01192960
v 0.01370510 0.00926663 -0.01194090
v 0.01292540 0.00992759 0.01293240
v 0.01190200 0.00905923 -0.01334570
v 0.01370510 0.00926663 -0.01194090
v 0.01290250 0.01115890 -0.01192960
v 0.01290250 0.01115890 -0.01192960
v 0.01293290 0.01218140 -0.01400340
v 0.01190200 0.00905923 -0.01334570
v 0.01597010 0.01219300 -0.01324930
v 0.01465890 0.01159750 -0.01192960
v 0.01518050 0.01020500 -0.01191210
v 0.01293290 0.01218140 -0.01400340
v 0.01290250 0.01115890 -0.01192960
v 0.01465890 0.01159750 -0.01192960
v 0.01505380 0.00875753 -0.01403440
v 0.01518050 0.01020500 -0.01191210
v 0.01370510 0.00926663 -0.01194090
v 0.01370510 0.00926663 -0.01194090
v 0.01190200 0.00905923 -0.01334570
v 0.01505380 0.00875753 -0.01403440
v 0.01518050 0.01020500 -0.01191210
v 0.01505380 0.00875753 -0.01403440
v 0.01597010 0.01219300 -0.01324930
v 0.01465890 0.01159750 -0.01192960
v 0.01597010 0.01219300 -0.01324930
v 0.01293290 0.01218140 -0.01400340
v 0.01293290 0.01218140 -0.01400340
v 0.01505380 0.00875753 -0.01403440
v 0.01190200 0.00905923 -0.01334570
v 0.01505380 0.00875753 -0.01403440
v 0.01293290 0.01218140 -0.01400340
v 0.01597010 0.01219300 -0.01324930
v -0.00718492 0.00209646 -0.01315560
v -0.00234362 0.00639464 -0.01346750
v -0.01094840 0.00776806 -0.01293830
v -0.01094840 0.00776806 -0.01293830
v -0.00234362 0.00639464 -0.01346750
v -0.00627110 0.01173440 -0.01320000
v -0.00234362 0.00639464 -0.01346750
v -0.01094840 0.00776806 -0.01293830
v -0.00627110 0.01173440 -0.01320000
v -0.00718492 0.00209646 -0.01315560
v -0.01094840 0.00776806 -0.01293830
v -0.00234362 0.00639464 -0.01346750
v -0.00355833 0.01073650 -0.01243640
v -0.00292394 0.00422180 -0.01240000
v -0.01067190 0.00887142 -0.01256320
v -0.00292394 0.00422180 -0.01240000
v -0.00873654 0.00262551 -0.01244740
v -0.01067190 0.00887142 -0.01256320
v -0.00671751 0.00696751 -0.01200000
v -0.00873654 0.00262551 -0.01244740
v -0.00292394 0.00422180 -0.01240000
v -0.00671751 0.00696751 -0.01200000
v -0.00292394 0.00422180 -0.01240000
v -0.00355833 0.01073650 -0.01243640
v -0.00671751 0.00696751 -0.01200000
v -0.00355833 0.01073650 -0.01243640
v -0.01067190 0.00887142 -0.01256320
v -0.01067190 0.00887142 -0.01256320
v -0.00873654 0.00262551 -0.01244740
v -0.00671751 0.00696751 -0.01200000
v -0.01155530 0.01165000 0.01311770
v -0.01514610 0.00777434 0.01340850
v -0.01622930 0.01208460 0.01235420
v -0.01155530 0.01165000 0.01311770
v -0.01622930 0.01208460 0.01235420
v -0.01514610 0.00777434 0.01340850
v 0.00841176 -0.00626412 -0.02600120
v 0.00631791 -0.00786548 -0.02599360
v 0.00518826 -0.00590021 -0.02599830
v 0.00680786 -0.00500030 -0.01014350
v 0.00841176 -0.00626412 -0.02600120
v 0.00518826 -0.00590021 -0.02599830
v 0.00841176 -0.00626412 -0.02600120
v 0.00817303 -0.00747185 -0.01009470
v 0.00631791 -0.00786548 -0.02599360
v 0.00631791 -0.00786548 -0.02599360
v 0.00496703 -0.00665216 -0.01008040
v 0.00518826 -0.00590021 -0.02599830
v 0.00680786 -0.00500030 -0.01014350
v 0.00817303 -0.00747185 -0.01009470
v 0.00841176 -0.00626412 -0.02600120
v 0.00680786 -0.00500030 -0.01014350
v 0.00518826 -0.00590021 -0.02599830
v 0.00496703 -0.00665216 -0.01008040
v 0.00496703 -0.00665216 -0.01008040
v 0.00631791 -0.00786548 -0.02599360
v 0.00817303 -0.00747185 -0.01009470
v 0.00429185 -0.00867150 -0.00872016
v 0.00538751 -0.00384565 -0.00994478
v 0.00496703 -0.00665216 -0.01008040
v 0.00429185 -0.00867150 -0.00872016
v 0.00496703 -0.00665216 -0.01008040
v 0.00817303 -0.00747185 -0.01009470
v 0.00538751 -0.00384565 -0.00994478
v 0.00680786 -0.00500030 -0.01014350
v 0.00496703 -0.00665216 -0.01008040
v 0.00680786 -0.00500030 -0.01014350
v 0.00538751 -0.00384565 -0.00994478
v 0.00851568 -0.00424579 -0.00778320
v 0.00851568 -0.00424579 -0.00778320
v 0.00817303 -0.00747185 -0.01009470
v 0.00680786 -0.00500030 -0.01014350
v 0.00817303 -0.00747185 -0.01009470
v 0.00930945 -0.00790138 -0.00990435
v 0.00429185 -0.00867150 -0.00872016
v 0.00817303 -0.00747185 -0.01009470
v 0.00851568 -0.00424579 -0.00778320
v 0.00930945 -0.00790138 -0.00990435
v 0.00538751 -0.00384565 -0.00994478
v 0.00656215 -0.00659157 -0.00790113
v 0.00851568 -0.00424579 -0.00778320
v 0.00930945 -0.00790138 -0.00990435
v 0.00851568 -0.00424579 -0.00778320
v 0.00656215 -0.00659157 -0.00790113
v 0.00656215 -0.00659157 -0.00790113
v 0.00429185 -0.00867150 -0.00872016
v 0.00930945 -0.00790138 -0.00990435
v 0.00656215 -0.00659157 -0.00790113
v 0.00538751 -0.00384565 -0.00994478
v 0.00429185 -0.00867150 -0.00872016
v -0.01281320 -0.01019260 0.01299700
v -0.01500860 -0.00968280 0.01300050
v -0.01304580 -0.01125450 0.01296110
v -0.01500860 -0.00968280 0.01300050
v -0.01462260 -0.01152910 0.01299760
v -0.01304580 -0.01125450 0.01296110
v -0.01381630 -0.01170290 -0.01188330
v -0.01304580 -0.01125450 0.01296110
v -0.01462260 -0.01152910 0.01299760
v -0.01501820 -0.01121790 -0.01188310
v -0.01462260 -0.01152910 0.01299760
v -0.01500860 -0.00968280 0.01300050
v -0.01334760 -0.00942954 -0.01186900
v -0.01500860 -0.00968280 0.01300050
v -0.01281320 -0.01019260 0.01299700
v -0.01500860 -0.00968280 0.01300050
v -0.01492410 -0.00958832 -0.01199900
v -0.01501820 -0.01121790 -0.01188310
v -0.01462260 -0.01152910 0.01299760
v -0.01501820 -0.01121790 -0.01188310
v -0.01381630 -0.01170290 -0.01188330
v -0.01281320 -0.01019260 0.01299700
v -0.01279760 -0.01046740 -0.01199920
v -0.01334760 -0.00942954 -0.01186900
v -0.01492410 -0.00958832 -0.01199900
v -0.01500860 -0.00968280 0.01300050
v -0.01334760 -0.00942954 -0.01186900
v -0.01279760 -0.01046740 -0.01199920
v -0.01281320 -0.01019260 0.01299700
v -0.01304580 -0.01125450 0.01296110
v -0.01381630 -0.01170290 -0.01188330
v -0.01279760 -0.01046740 -0.01199920
v -0.01304580 -0.01125450 0.01296110
v -0.01648700 -0.00997522 -0.01200000
v -0.01501820 -0.01121790 -0.01188310
v -0.01492410 -0.00958832 -0.01199900
v -0.01521790 -0.01227650 -0.01397650
v -0.01381630 -0.01170290 -0.01188330
v -0.01501820 -0.01121790 -0.01188310
v -0.01501820 -0.01121790 -0.01188310
v -0.01648700 -0.00997522 -0.01200000
v -0.01521790 -0.01227650 -0.01397650
v -0.01190610 -0.01103760 -0.01372760
v -0.01334760 -0.00942954 -0.01186900
v -0.01279760 -0.01046740 -0.01199920
v -0.01334760 -0.00942954 -0.01186900
v -0.01190610 -0.01103760 -0.01372760
v -0.01399450 -0.00810701 -0.01404470
v -0.01381630 -0.01170290 -0.01188330
v -0.01521790 -0.01227650 -0.01397650
v -0.01190610 -0.01103760 -0.01372760
v -0.01190610 -0.01103760 -0.01372760
v -0.01279760 -0.01046740 -0.01199920
v -0.01381630 -0.01170290 -0.01188330
v -0.01399450 -0.00810701 -0.01404470
v -0.01492410 -0.00958832 -0.01199900
v -0.01334760 -0.00942954 -0.01186900
v -0.01492410 -0.00958832 -0.01199900
v -0.01399450 -0.00810701 -0.01404470
v -0.01648700 -0.00997522 -0.01200000
v -0.01648700 -0.00997522 -0.01200000
v -0.01399450 -0.00810701 -0.01404470
v -0.01521790 -0.01227650 -0.01397650
v -0.01399450 -0.00810701 -0.01404470
v -0.01190610 -0.01103760 -0.01372760
v -0.01521790 -0.01227650 -0.01397650
v -0.01296670 -0.01317180 0.01239430
v -0.01627190 -0.00905241 0.01254160
v -0.01163950 -0.00886752 0.01292440
v -0.01163950 -0.00886752 0.01292440
v -0.01627190 -0.00905241 0.01254160
v -0.01296670 -0.01317180 0.01239430
v -0.00789354 0.00575260 -0.01360000
v -0.00550261 0.00579149 -0.01360000
v -0.00794385 0.00554925 -0.02360000
v -0.00793242 0.00814354 -0.01360000
v -0.00789354 0.00575260 -0.01360000
v -0.00794385 0.00554925 -0.02360000
v -0.00554149 0.00818242 -0.01360000
v -0.00793242 0.00814354 -0.01360000
v -0.00685003 0.00877747 -0.02360000
v -0.00550261 0.00579149 -0.01360000
v -0.00554149 0.00818242 -0.01360000
v -0.00507452 0.00656803 -0.02360000
v -0.00507452 0.00656803 -0.02360000
v -0.00794385 0.00554925 -0.02360000
v -0.00550261 0.00579149 -0.01360000
v -0.00685003 0.00877747 -0.02360000
v -0.00507452 0.00656803 -0.02360000
v -0.00554149 0.00818242 -0.01360000
v -0.00794385 0.00554925 -0.02360000
v -0.00685003 0.00877747 -0.02360000
v -0.00793242 0.00814354 -0.01360000
v -0.00315185 0.00643219 -0.01360000
v -0.00554149 0.00818242 -0.01360000
v -0.00550261 0.00579149 -0.01360000
v -0.00618210 0.01053310 -0.01360000
v -0.00793242 0.00814354 -0.01360000
v -0.00464956 0.00409724 -0.01360000
v -0.00928751 0.00949650 -0.01360000
v -0.00384725 0.00903548 -0.01360000
v -0.00725283 0.00340185 -0.01360000
v -0.00789354 0.00575260 -0.01360000
v -0.01022080 0.00577668 -0.01360000
v -0.00315185 0.00643219 -0.01360000
v -0.00390416 0.00456412 -0.02360000
v -0.00356239 0.00890050 -0.02360000
v -0.00618210 0.01053310 -0.01360000
v -0.00356239 0.00890050 -0.02360000
v -0.00758105 0.01056550 -0.02360000
v -0.00928751 0.00949650 -0.01360000
v -0.00758105 0.01056550 -0.02360000
v -0.01000880 0.00826451 -0.02360000
v -0.01022080 0.00577668 -0.01360000
v -0.01000880 0.00826451 -0.02360000
v -0.01004130 0.00557003 -0.02360000
v -0.01022080 0.00577668 -0.01360000
v -0.01004130 0.00557003 -0.02360000
v -0.00754060 0.00345710 -0.02360000
v -0.00725283 0.00340185 -0.01360000
v -0.00754060 0.00345710 -0.02360000
v -0.00390416 0.00456412 -0.02360000
v -0.00390416 0.00456412 -0.02360000
v -0.00464956 0.00409724 -0.01360000
v -0.00725283 0.00340185 -0.01360000
v -0.00754060 0.00345710 -0.02360000
v -0.00725283 0.00340185 -0.01360000
v -0.01022080 0.00577668 -0.01360000
v -0.01000880 0.00826451 -0.02360000
v -0.01022080 0.00577668 -0.01360000
v -0.00928751 0.00949650 -0.01360000
v -0.00758105 0.01056550 -0.02360000
v -0.00928751 0.00949650 -0.01360000
v -0.00618210 0.01053310 -0.01360000
v -0.00356239 0.00890050 -0.02360000
v -0.00618210 0.01053310 -0.01360000
v -0.00384725 0.00903548 -0.01360000
v -0.00356239 0.00890050 -0.02360000
v -0.00384725 0.00903548 -0.01360000
v -0.00315185 0.00643219 -0.01360000
v -0.00390416 0.00456412 -0.02360000
v -0.00315185 0.00643219 -0.01360000
v -0.00464956 0.00409724 -0.01360000
v -0.01004130 0.00557003 -0.02360000
v -0.01000880 0.00826451 -0.02360000
v -0.00794385 0.00554925 -0.02360000
v -0.00390416 0.00456412 -0.02360000
v -0.00507452 0.00656803 -0.02360000
v -0.00758105 0.01056550 -0.02360000
v -0.00356239 0.00890050 -0.02360000
v -0.00685003 0.00877747 -0.02360000
v -0.00754060 0.00345710 -0.02360000
v -0.00677191 0.00848728 -0.02599290
v -0.00538871 0.00760989 -0.02599800
v -0.00813160 0.00747466 -0.02599760
v -0.00538871 0.00760989 -0.02599800
v -0.00543194 0.00610846 -0.02599300
v -0.00813160 0.00747466 -0.02599760
v -0.00776640 0.00593725 -0.02599550
v -0.00607413 0.00545725 -0.01008740
v -0.00776640 0.00593725 -0.02599550
v -0.00543194 0.00610846 -0.02599300
v -0.00807450 0.00644482 -0.01005680
v -0.00813160 0.00747466 -0.02599760
v -0.00776640 0.00593725 -0.02599550
v -0.00558858 0.00788406 -0.01006480
v -0.00538871 0.00760989 -0.02599800
v -0.00677191 0.00848728 -0.02599290
v -0.00807450 0.00644482 -0.01005680
v -0.00887010 0.00918385 -0.00995308
v -0.00813160 0.00747466 -0.02599760
v -0.00677191 0.00848728 -0.02599290
v -0.00813160 0.00747466 -0.02599760
v -0.00887010 0.00918385 -0.00995308
v -0.00807450 0.00644482 -0.01005680
v -0.00776640 0.00593725 -0.02599550
v -0.00607413 0.00545725 -0.01008740
v -0.00607413 0.00545725 -0.01008740
v -0.00543194 0.00610846 -0.02599300
v -0.00558858 0.00788406 -0.01006480
v -0.00543194 0.00610846 -0.02599300
v -0.00538871 0.00760989 -0.02599800
v -0.00558858 0.00788406 -0.01006480
v -0.00558858 0.00788406 -0.01006480
v -0.00677191 0.00848728 -0.02599290
v -0.00887010 0.00918385 -0.00995308
v -0.00472720 0.00888702 -0.00793214
v -0.00558858 0.00788406 -0.01006480
v -0.00887010 0.00918385 -0.00995308
v -0.00607413 0.00545725 -0.01008740
v -0.00558858 0.00788406 -0.01006480
v -0.00470041 0.00469305 -0.00873737
v -0.00558858 0.00788406 -0.01006480
v -0.00472720 0.00888702 -0.00793214
v -0.00470041 0.00469305 -0.00873737
v -0.00607413 0.00545725 -0.01008740
v -0.00470041 0.00469305 -0.00873737
v -0.00914373 0.00547704 -0.00791741
v -0.00914373 0.00547704 -0.00791741
v -0.00807450 0.00644482 -0.01005680
v -0.00607413 0.00545725 -0.01008740
v -0.00807450 0.00644482 -0.01005680
v -0.00914373 0.00547704 -0.00791741
v -0.00887010 0.00918385 -0.00995308
v -0.00887010 0.00918385 -0.00995308
v -0.00914373 0.00547704 -0.00791741
v -0.00472720 0.00888702 -0.00793214
v -0.00914373 0.00547704 -0.00791741
v -0.00470041 0.00469305 -0.00873737
v -0.00472720 0.00888702 -0.00793214
v 0.01503330 -0.01317180 0.01285630
v 0.01172810 -0.00905240 0.01300360
v 0.01636050 -0.00886750 0.01338640
v 0.01636050 -0.00886750 0.01338640
v 0.01172810 -0.00905240 0.01300360
v 0.01503330 -0.01317180 0.01285630
v 0.01518680 -0.01019260 0.01299700
v 0.01389870 -0.00930147 0.01299760
v 0.01495420 -0.01125450 0.01296110
v 0.01389870 -0.00930147 0.01299760
v 0.01277020 -0.01023500 0.01299560
v 0.01495420 -0.01125450 0.01296110
v 0.01277020 -0.01023500 0.01299560
v 0.01316720 -0.01140020 0.01286790
v 0.01495420 -0.01125450 0.01296110
v 0.01401510 -0.01174040 -0.01192940
v 0.01495420 -0.01125450 0.01296110
v 0.01316720 -0.01140020 0.01286790
v 0.01471710 -0.00948775 -0.01191220
v 0.01389870 -0.00930147 0.01299760
v 0.01518680 -0.01019260 0.01299700
v 0.01389870 -0.00930147 0.01299760
v 0.01326020 -0.00950081 -0.01195570
v 0.01277020 -0.01023500 0.01299560
v 0.01277020 -0.01023500 0.01299560
v 0.01326020 -0.00950081 -0.01195570
v 0.01279760 -0.01053260 -0.01199930
v 0.01277020 -0.01023500 0.01299560
v 0.01279760 -0.01053260 -0.01199930
v 0.01316720 -0.01140020 0.01286790
v 0.01518680 -0.01019260 0.01299700
v 0.01520240 -0.01046740 -0.01199920
v 0.01471710 -0.00948775 -0.01191220
v 0.01389870 -0.00930147 0.01299760
v 0.01471710 -0.00948775 -0.01191220
v 0.01326020 -0.00950081 -0.01195570
v 0.01520240 -0.01046740 -0.01199920
v 0.01518680 -0.01019260 0.01299700
v 0.01495420 -0.01125450 0.01296110
v 0.01401510 -0.01174040 -0.01192940
v 0.01520240 -0.01046740 -0.01199920
v 0.01495420 -0.01125450 0.01296110
v 0.01279760 -0.01053260 -0.01199930
v 0.01401510 -0.01174040 -0.01192940
v 0.01316720 -0.01140020 0.01286790
v 0.01197050 -0.01082020 -0.01410500
v 0.01279760 -0.01053260 -0.01199930
v 0.01326020 -0.00950081 -0.01195570
v 0.01319910 -0.00836915 -0.01363540
v 0.01279760 -0.01053260 -0.01199930
v 0.01197050 -0.01082020 -0.01410500
v 0.01342500 -0.01288000 -0.01327320
v 0.01342500 -0.01288000 -0.01327320
v 0.01401510 -0.01174040 -0.01192940
v 0.01279760 -0.01053260 -0.01199930
v 0.01636640 -0.01031010 -0.01372470
v 0.01471710 -0.00948775 -0.01191220
v 0.01520240 -0.01046740 -0.01199920
v 0.01401510 -0.01174040 -0.01192940
v 0.01342500 -0.01288000 -0.01327320
v 0.01636640 -0.01031010 -0.01372470
v 0.01636640 -0.01031010 -0.01372470
v 0.01520240 -0.01046740 -0.01199920
v 0.01401510 -0.01174040 -0.01192940
v 0.01471710 -0.00948775 -0.01191220
v 0.01636640 -0.01031010 -0.01372470
v 0.01319910 -0.00836915 -0.01363540
v 0.01319910 -0.00836915 -0.01363540
v 0.01326020 -0.00950081 -0.01195570
v 0.01471710 -0.00948775 -0.01191220
v 0.01197050 -0.01082020 -0.01410500
v 0.01636640 -0.01031010 -0.01372470
v 0.01342500 -0.01288000 -0.01327320
v 0.01319910 -0.00836915 -0.01363540
v 0.01636640 -0.01031010 -0.01372470
v 0.01197050 -0.01082020 -0.01410500
v 0.00340678 0.00956546 -0.01360000
v 0.00212361 0.00516129 -0.01315850
v 0.00766328 0.01184670 -0.01308660
v 0.00758920 0.00320813 -0.01309500
v 0.01148440 0.00652110 -0.01320000
v 0.00766328 0.01184670 -0.01308660
v 0.00766328 0.01184670 -0.01308660
v 0.00212361 0.00516129 -0.01315850
v 0.00758920 0.00320813 -0.01309500
v 0.00340678 0.00956546 -0.01360000
v 0.00766328 0.01184670 -0.01308660
v 0.01148440 0.00652110 -0.01320000
v 0.00758920 0.00320813 -0.01309500
v 0.00340678 0.00956546 -0.01360000
v 0.01148440 0.00652110 -0.01320000
v 0.00212361 0.00516129 -0.01315850
v 0.00340678 0.00956546 -0.01360000
v 0.00758920 0.00320813 -0.01309500
v 0.00550261 0.00814354 -0.01360000
v 0.00554149 0.00575261 -0.01360000
v 0.00515348 0.00632499 -0.02360000
v 0.00789354 0.00818242 -0.01360000
v 0.00550261 0.00814354 -0.01360000
v 0.00586149 0.00836480 -0.02360000
v 0.00793242 0.00579149 -0.01360000
v 0.00789354 0.00818242 -0.01360000
v 0.00821461 0.00787571 -0.02360000
v 0.00554149 0.00575261 -0.01360000
v 0.00793242 0.00579149 -0.01360000
v 0.00736004 0.00540348 -0.02360000
v 0.00736004 0.00540348 -0.02360000
v 0.00515348 0.00632499 -0.02360000
v 0.00554149 0.00575261 -0.01360000
v 0.00821461 0.00787571 -0.02360000
v 0.00736004 0.00540348 -0.02360000
v 0.00793242 0.00579149 -0.01360000
v 0.00586149 0.00836480 -0.02360000
v 0.00821461 0.00787571 -0.02360000
v 0.00789354 0.00818242 -0.01360000
v 0.00515348 0.00632499 -0.02360000
v 0.00586149 0.00836480 -0.02360000
v 0.00550261 0.00814354 -0.01360000
v 0.00838026 0.00376818 -0.01360000
v 0.00793242 0.00579149 -0.01360000
v 0.00554149 0.00575261 -0.01360000
v 0.01028310 0.00643215 -0.01360000
v 0.00789354 0.00818242 -0.01360000
v 0.00321418 0.00577677 -0.01360000
v 0.00561092 0.00360740 -0.01360000
v 0.00924645 0.00953754 -0.01360000
v 0.00550261 0.00814354 -0.01360000
v 0.00673162 0.01050510 -0.01360000
v 0.00414757 0.00949653 -0.01360000
v 0.00321418 0.00577677 -0.01360000
v 0.00311948 0.00610416 -0.02360000
v 0.00589442 0.00345710 -0.02360000
v 0.00838026 0.00376818 -0.01360000
v 0.00589442 0.00345710 -0.02360000
v 0.00907374 0.00423828 -0.02360000
v 0.01028310 0.00643215 -0.01360000
v 0.00907374 0.00423828 -0.02360000
v 0.01031040 0.00726959 -0.02360000
v 0.00924645 0.00953754 -0.01360000
v 0.01031040 0.00726959 -0.02360000
v 0.00896801 0.00969702 -0.02360000
v 0.00924645 0.00953754 -0.01360000
v 0.00896801 0.00969702 -0.02360000
v 0.00641536 0.01056040 -0.02360000
v 0.00414757 0.00949653 -0.01360000
v 0.00641536 0.01056040 -0.02360000
v 0.00398800 0.00921799 -0.02360000
v 0.00414757 0.00949653 -0.01360000
v 0.00398800 0.00921799 -0.02360000
v 0.00311948 0.00610416 -0.02360000
v 0.00311948 0.00610416 -0.02360000
v 0.00321418 0.00577677 -0.01360000
v 0.00414757 0.00949653 -0.01360000
v 0.00641536 0.01056040 -0.02360000
v 0.00414757 0.00949653 -0.01360000
v 0.00673162 0.01050510 -0.01360000
v 0.00641536 0.01056040 -0.02360000
v 0.00673162 0.01050510 -0.01360000
v 0.00924645 0.00953754 -0.01360000
v 0.01031040 0.00726959 -0.02360000
v 0.00924645 0.00953754 -0.01360000
v 0.01028310 0.00643215 -0.01360000
v 0.00907374 0.00423828 -0.02360000
v 0.01028310 0.00643215 -0.01360000
v 0.00838026 0.00376818 -0.01360000
v 0.00589442 0.00345710 -0.02360000
v 0.00838026 0.00376818 -0.01360000
v 0.00561092 0.00360740 -0.01360000
v 0.00589442 0.00345710 -0.02360000
v 0.00561092 0.00360740 -0.01360000
v 0.00321418 0.00577677 -0.01360000
v 0.00311948 0.00610416 -0.02360000
v 0.00398800 0.00921799 -0.02360000
v 0.00586149 0.00836480 -0.02360000
v 0.00821461 0.00787571 -0.02360000
v 0.00641536 0.01056040 -0.02360000
v 0.01031040 0.00726959 -0.02360000
v 0.00907374 0.00423828 -0.02360000
v 0.00736004 0.00540348 -0.02360000
v 0.00589442 0.00345710 -0.02360000
v 0.00515348 0.00632499 -0.02360000
v 0.00896801 0.00969702 -0.02360000
v 0.00982262 0.00413908 -0.01222030
v 0.00397180 0.00317394 -0.01240000
v 0.00307569 0.00921785 -0.01258940
v 0.01010950 0.01058150 -0.01236360
v 0.00982262 0.00413908 -0.01222030
v 0.00307569 0.00921785 -0.01258940
v 0.00982262 0.00413908 -0.01222030
v 0.00307569 0.00921785 -0.01258940
v 0.00397180 0.00317394 -0.01240000
v 0.00982262 0.00413908 -0.01222030
v 0.01010950 0.01058150 -0.01236360
v 0.00307569 0.00921785 -0.01258940
v 0.00178607 0.01413560 -0.02360000
v -0.00401613 0.01366160 -0.02360000
v -0.00671679 0.01253350 -0.02360000
v -0.00912390 0.01086860 -0.02360000
v -0.01113230 0.00873957 -0.02360000
v -0.01265410 0.00623954 -0.02360000
v -0.01362280 0.00347772 -0.02360000
v -0.01399620 0.00057484 -0.02360000
v -0.01375790 -0.00234224 -0.02360000
v -0.01291830 -0.00514602 -0.02360000
v -0.01151410 -0.00771398 -0.02360000
v -0.00960671 -0.00993386 -0.02360000
v -0.00727943 -0.01170870 -0.02360000
v -0.00463401 -0.01296080 -0.02360000
v -0.00178606 -0.01363560 -0.02360000
v 0.00113995 -0.01370350 -0.02360000
v 0.00401614 -0.01316160 -0.02360000
v 0.00671680 -0.01203350 -0.02360000
v 0.00912390 -0.01036860 -0.02360000
v 0.01113230 -0.00823957 -0.02360000
v 0.01265410 -0.00573954 -0.02360000
v 0.01362280 -0.00297772 -0.02360000
v 0.01399620 -0.00007484 -0.02360000
v 0.01375790 0.00284224 -0.02360000
v 0.01291830 0.00564602 -0.02360000
v 0.01151410 0.00821398 -0.02360000
v 0.00960671 0.01043390 -0.02360000
v 0.00727944 0.01220870 -0.02360000
v 0.00463402 0.01346080 -0.02360000
v -0.00113994 0.01420350 -0.02360000
v -0.00113994 0.01420350 -0.02360000
v -0.00113993 0.01420350 -0.04790000
v -0.00401612 0.01366160 -0.04790000
v -0.00401613 0.01366160 -0.02360000
v -0.00401612 0.01366160 -0.04790000
v -0.00671678 0.01253350 -0.04790000
v -0.00671679 0.01253350 -0.02360000
v -0.00671678 0.01253350 -0.04790000
v -0.00912390 0.01086860 -0.04790000
v -0.00912390 0.01086860 -0.02360000
v -0.00912390 0.01086860 -0.04790000
v -0.01113230 0.00873957 -0.04790000
v -0.01113230 0.00873957 -0.02360000
v -0.01113230 0.00873957 -0.04790000
v -0.01265410 0.00623954 -0.04790000
v -0.01265410 0.00623954 -0.02360000
v -0.01265410 0.00623954 -0.04790000
v -0.01362280 0.00347772 -0.04790000
v -0.01362280 0.00347772 -0.02360000
v -0.01362280 0.00347772 -0.04790000
v -0.01399620 0.00057484 -0.04790000
v -0.01399620 0.00057484 -0.02360000
v -0.01399620 0.00057484 -0.04790000
v -0.01375790 -0.00234224 -0.04790000
v -0.01375790 -0.00234224 -0.02360000
v -0.01375790 -0.00234224 -0.04790000
v -0.01291830 -0.00514602 -0.04790000
v -0.01291830 -0.00514602 -0.02360000
v -0.01291830 -0.00514602 -0.04790000
v -0.01151410 -0.00771398 -0.04790000
v -0.01151410 -0.00771398 -0.02360000
v -0.01151410 -0.00771398 -0.04790000
v -0.00960670 -0.00993386 -0.04790000
v -0.00960671 -0.00993386 -0.02360000
v -0.00960670 -0.00993386 -0.04790000
v -0.00727943 -0.01170870 -0.04790000
v -0.00727943 -0.01170870 -0.02360000
v -0.00727943 -0.01170870 -0.04790000
v -0.00463401 -0.01296080 -0.04790000
v -0.00463401 -0.01296080 -0.02360000
v -0.00463401 -0.01296080 -0.04790000
v -0.00178606 -0.01363560 -0.04790000
v -0.00178606 -0.01363560 -0.02360000
v -0.00178606 -0.01363560 -0.04790000
v 0.00113995 -0.01370350 -0.04790000
v 0.00113995 -0.01370350 -0.02360000
v 0.00113995 -0.01370350 -0.04790000
v 0.00401614 -0.01316160 -0.04790000
v 0.00401614 -0.01316160 -0.02360000
v 0.00401614 -0.01316160 -0.04790000
v 0.00671680 -0.01203350 -0.04790000
v 0.00671680 -0.01203350 -0.02360000
v 0.00671680 -0.01203350 -0.04790000
v 0.00912391 -0.01036860 -0.04790000
v 0.00912390 -0.01036860 -0.02360000
v 0.00912391 -0.01036860 -0.04790000
v 0.01113230 -0.00823957 -0.04790000
v 0.01113230 -0.00823957 -0.02360000
v 0.01113230 -0.00823957 -0.04790000
v 0.01265410 -0.00573954 -0.04790000
v 0.01265410 -0.00573954 -0.02360000
v 0.01265410 -0.00573954 -0.04790000
v 0.01362280 -0.00297772 -0.04790000
v 0.01362280 -0.00297772 -0.02360000
v 0.01362280 -0.00297772 -0.04790000
v 0.01399620 -0.00007484 -0.04790000
v 0.01399620 -0.00007484 -0.02360000
v 0.01399620 -0.00007484 -0.04790000
v 0.01375790 0.00284224 -0.04790000
v 0.01375790 0.00284224 -0.02360000
v 0.01375790 0.00284224 -0.04790000
v 0.01291830 0.00564602 -0.04790000
v 0.01291830 0.00564602 -0.02360000
v 0.01291830 0.00564602 -0.04790000
v 0.01151410 0.00821398 -0.04790000
v 0.01151410 0.00821398 -0.02360000
v 0.01151410 0.00821398 -0.04790000
v 0.00960672 0.01043390 -0.04790000
v 0.00960671 0.01043390 -0.02360000
v 0.00960672 0.01043390 -0.04790000
v 0.00727945 0.01220870 -0.04790000
v 0.00727944 0.01220870 -0.02360000
v 0.00727945 0.01220870 -0.04790000
v 0.00463403 0.01346080 -0.04790000
v 0.00463402 0.01346080 -0.02360000
v 0.00463403 0.01346080 -0.04790000
v 0.00178608 0.01413560 -0.04790000
v 0.00178607 0.01413560 -0.02360000
v 0.00178608 0.01413560 -0.04790000
v -0.00113993 0.01420350 -0.04790000
v -0.00113994 0.01420350 -0.02360000
v 0.00178607 0.01413560 -0.02360000
v 0.00463402 0.01346080 -0.02360000
v 0.00727944 0.01220870 -0.02360000
v 0.00960671 0.01043390 -0.02360000
v 0.01151410 0.00821398 -0.02360000
v 0.01291830 0.00564602 -0.02360000
v 0.01375790 0.00284224 -0.02360000
v 0.01399620 -0.00007484 -0.02360000
v 0.01362280 -0.00297772 -0.02360000
v 0.01265410 -0.00573954 -0.02360000
v 0.01113230 -0.00823957 -0.02360000
v 0.00912390 -0.01036860 -0.02360000
v 0.00671680 -0.01203350 -0.02360000
v 0.00401614 -0.01316160 -0.02360000
v 0.00113995 -0.01370350 -0.02360000
v -0.00178606 -0.01363560 -0.02360000
v -0.00463401 -0.01296080 -0.02360000
v -0.00727943 -0.01170870 -0.02360000
v -0.00960671 -0.00993386 -0.02360000
v -0.01151410 -0.00771398 -0.02360000
v -0.01291830 -0.00514602 -0.02360000
v -0.01375790 -0.00234224 -0.02360000
v -0.01399620 0.00057484 -0.02360000
v -0.01362280 0.00347772 -0.02360000
v -0.01265410 0.00623954 -0.02360000
v -0.01113230 0.00873957 -0.02360000
v -0.00912390 0.01086860 -0.02360000
v -0.00671679 0.01253350 -0.02360000
v -0.00401613 0.01366160 -0.02360000
v -0.00671678 0.01253350 -0.04790000
v -0.00401612 0.01366160 -0.04790000
v -0.00172518 0.00908911 -0.05252080
v -0.00172518 0.00908911 -0.05252080
v -0.00912390 0.01086860 -0.04790000
v -0.00671678 0.01253350 -0.04790000
v -0.00795916 0.00445093 -0.05242520
v -0.01113230 0.00873957 -0.04790000
v -0.00912390 0.01086860 -0.04790000
v -0.01399620 0.00057484 -0.04790000
v -0.01362280 0.00347772 -0.04790000
v -0.00795916 0.00445093 -0.05242520
v -0.01375790 -0.00234224 -0.04790000
v -0.01399620 0.00057484 -0.04790000
v -0.00867151 -0.00237064 -0.05235370
v -0.00867151 -0.00237064 -0.05235370
v -0.01291830 -0.00514602 -0.04790000
v -0.01375790 -0.00234224 -0.04790000
v -0.01151410 -0.00771398 -0.04790000
v -0.00867151 -0.00237064 -0.05235370
v -0.00537958 -0.00684007 -0.05242330
v -0.00727943 -0.01170870 -0.04790000
v -0.00960670 -0.00993386 -0.04790000
v -0.00537958 -0.00684007 -0.05242330
v -0.00537958 -0.00684007 -0.05242330
v -0.00463401 -0.01296080 -0.04790000
v -0.00727943 -0.01170870 -0.04790000
v -0.00087811 -0.00862453 -0.05237100
v -0.00178606 -0.01363560 -0.04790000
v -0.00463401 -0.01296080 -0.04790000
v 0.00113995 -0.01370350 -0.04790000
v -0.00087811 -0.00862453 -0.05237100
v 0.00345032 -0.00795393 -0.05242330
v 0.00671680 -0.01203350 -0.04790000
v 0.00401614 -0.01316160 -0.04790000
v 0.00345032 -0.00795393 -0.05242330
v 0.00912391 -0.01036860 -0.04790000
v 0.00671680 -0.01203350 -0.04790000
v 0.00345032 -0.00795393 -0.05242330
v 0.00795919 -0.00395092 -0.05242520
v 0.01113230 -0.00823957 -0.04790000
v 0.00912391 -0.01036860 -0.04790000
v 0.01399620 -0.00007484 -0.04790000
v 0.01362280 -0.00297772 -0.04790000
v 0.00795919 -0.00395092 -0.05242520
v 0.01375790 0.00284224 -0.04790000
v 0.01399620 -0.00007484 -0.04790000
v 0.00867153 0.00287065 -0.05235370
v 0.00867153 0.00287065 -0.05235370
v 0.01291830 0.00564602 -0.04790000
v 0.01375790 0.00284224 -0.04790000
v 0.01151410 0.00821398 -0.04790000
v 0.00867153 0.00287065 -0.05235370
v 0.00501595 0.00772103 -0.05237020
v 0.00727945 0.01220870 -0.04790000
v 0.00960672 0.01043390 -0.04790000
v 0.00501595 0.00772103 -0.05237020
v 0.00463403 0.01346080 -0.04790000
v 0.00727945 0.01220870 -0.04790000
v 0.00501595 0.00772103 -0.05237020
v 0.00463403 0.01346080 -0.04790000
v 0.00501595 0.00772103 -0.05237020
v -0.00172518 0.00908911 -0.05252080
v 0.00178608 0.01413560 -0.04790000
v -0.00172518 0.00908911 -0.05252080
v -0.00113993 0.01420350 -0.04790000
v 0.00178608 0.01413560 -0.04790000
v 0.00501595 0.00772103 -0.05237020
v 0.00960672 0.01043390 -0.04790000
v 0.01151410 0.00821398 -0.04790000
v 0.00867153 0.00287065 -0.05235370
v 0.01151410 0.00821398 -0.04790000
v 0.01291830 0.00564602 -0.04790000
v 0.00795919 -0.00395092 -0.05242520
v 0.00867153 0.00287065 -0.05235370
v 0.01399620 -0.00007484 -0.04790000
v 0.00795919 -0.00395092 -0.05242520
v 0.01362280 -0.00297772 -0.04790000
v 0.01265410 -0.00573954 -0.04790000
v 0.00795919 -0.00395092 -0.05242520
v 0.01265410 -0.00573954 -0.04790000
v 0.01113230 -0.00823957 -0.04790000
v 0.00345032 -0.00795393 -0.05242330
v 0.00795919 -0.00395092 -0.05242520
v 0.00912391 -0.01036860 -0.04790000
v 0.00345032 -0.00795393 -0.05242330
v 0.00401614 -0.01316160 -0.04790000
v 0.00113995 -0.01370350 -0.04790000
v -0.00087811 -0.00862453 -0.05237100
v 0.00113995 -0.01370350 -0.04790000
v -0.00178606 -0.01363560 -0.04790000
v -0.00537958 -0.00684007 -0.05242330
v -0.00087811 -0.00862453 -0.05237100
v -0.00463401 -0.01296080 -0.04790000
v -0.00537958 -0.00684007 -0.05242330
v -0.00960670 -0.00993386 -0.04790000
v -0.01151410 -0.00771398 -0.04790000
v -0.00867151 -0.00237064 -0.05235370
v -0.01151410 -0.00771398 -0.04790000
v -0.01291830 -0.00514602 -0.04790000
v -0.00795916 0.00445093 -0.05242520
v -0.00867151 -0.00237064 -0.05235370
v -0.01399620 0.00057484 -0.04790000
v -0.00795916 0.00445093 -0.05242520
v -0.01362280 0.00347772 -0.04790000
v -0.01265410 0.00623954 -0.04790000
v -0.00795916 0.00445093 -0.05242520
v -0.01265410 0.00623954 -0.04790000
v -0.01113230 0.00873957 -0.04790000
v -0.00172518 0.00908911 -0.05252080
v -0.00795916 0.00445093 -0.05242520
v -0.00912390 0.01086860 -0.04790000
v -0.00172518 0.00908911 -0.05252080
v -0.00401612 0.01366160 -0.04790000
v -0.00113993 0.01420350 -0.04790000
v 0.00038996 0.00914535 -0.05640010
v -0.00512282 0.00765647 -0.05639970
v -0.00172518 0.00908911 -0.05252080
v -0.00795916 0.00445093 -0.05242520
v -0.00512282 0.00765647 -0.05639970
v -0.00846092 0.00302345 -0.05640010
v -0.00846092 0.00302345 -0.05640010
v -0.00845905 -0.00290733 -0.05640010
v -0.00867151 -0.00237064 -0.05235370
v -0.00845905 -0.00290733 -0.05640010
v -0.00480471 -0.00723201 -0.05639990
v -0.00537958 -0.00684007 -0.05242330
v -0.00087811 -0.00862453 -0.05237100
v -0.00480471 -0.00723201 -0.05639990
v 0.00188601 -0.00872837 -0.05640100
v 0.00795919 -0.00395092 -0.05242520
v 0.00188601 -0.00872837 -0.05640100
v 0.00750863 -0.00453539 -0.05640010
v 0.00750863 -0.00453539 -0.05640010
v 0.00897562 0.00098327 -0.05639970
v 0.00795919 -0.00395092 -0.05242520
v 0.00867153 0.00287065 -0.05235370
v 0.00897562 0.00098327 -0.05639970
v 0.00593874 0.00705117 -0.05640010
v 0.00038996 0.00914535 -0.05640010
v -0.00172518 0.00908911 -0.05252080
v 0.00501595 0.00772103 -0.05237020
v 0.00501595 0.00772103 -0.05237020
v 0.00593874 0.00705117 -0.05640010
v 0.00038996 0.00914535 -0.05640010
v 0.00501595 0.00772103 -0.05237020
v 0.00867153 0.00287065 -0.05235370
v 0.00593874 0.00705117 -0.05640010
v 0.00867153 0.00287065 -0.05235370
v 0.00795919 -0.00395092 -0.05242520
v 0.00897562 0.00098327 -0.05639970
v 0.00795919 -0.00395092 -0.05242520
v 0.00345032 -0.00795393 -0.05242330
v 0.00188601 -0.00872837 -0.05640100
v 0.00345032 -0.00795393 -0.05242330
v -0.00087811 -0.00862453 -0.05237100
v 0.00188601 -0.00872837 -0.05640100
v -0.00087811 -0.00862453 -0.05237100
v -0.00537958 -0.00684007 -0.05242330
v -0.00480471 -0.00723201 -0.05639990
v -0.00537958 -0.00684007 -0.05242330
v -0.00867151 -0.00237064 -0.05235370
v -0.00845905 -0.00290733 -0.05640010
v -0.00867151 -0.00237064 -0.05235370
v -0.00795916 0.00445093 -0.05242520
v -0.00846092 0.00302345 -0.05640010
v -0.00795916 0.00445093 -0.05242520
v -0.00172518 0.00908911 -0.05252080
v -0.00512282 0.00765647 -0.05639970
v 0.00593874 0.00705117 -0.05640010
v 0.00897562 0.00098327 -0.05639970
v 0.00423643 -0.00053750 -0.05640000
v -0.00480471 -0.00723201 -0.05639990
v -0.00845905 -0.00290733 -0.05640010
v -0.00078749 -0.00398642 -0.05640000
v -0.00423641 0.00103750 -0.05640000
v -0.00846092 0.00302345 -0.05640010
v 0.00078751 0.00448642 -0.05640000
v 0.00038996 0.00914535 -0.05640010
v -0.00512282 0.00765647 -0.05639970
v 0.00750863 -0.00453539 -0.05640010
v 0.00188601 -0.00872837 -0.05640100
v 0.00078751 0.00448642 -0.05640000
v -0.00016623 0.00431580 -0.06320000
v -0.00299561 0.00268543 -0.06320000
v -0.00423641 0.00103750 -0.05640000
v -0.00299561 0.00268543 -0.06320000
v -0.00368356 0.00040029 -0.06320000
v -0.00423641 0.00103750 -0.05640000
v -0.00368356 0.00040029 -0.06320000
v -0.00262031 -0.00226445 -0.06320000
v -0.00078749 -0.00398642 -0.05640000
v -0.00262031 -0.00226445 -0.06320000
v 0.00016625 -0.00381580 -0.06320000
v -0.00078749 -0.00398642 -0.05640000
v 0.00016625 -0.00381580 -0.06320000
v 0.00252497 -0.00226232 -0.06320000
v 0.00423643 -0.00053750 -0.05640000
v 0.00252497 -0.00226232 -0.06320000
v 0.00406581 0.00041624 -0.06320000
v 0.00423643 -0.00053750 -0.05640000
v 0.00406581 0.00041624 -0.06320000
v 0.00251233 0.00277496 -0.06320000
v 0.00078751 0.00448642 -0.05640000
v 0.00251233 0.00277496 -0.06320000
v -0.00016623 0.00431580 -0.06320000
v 0.00251233 0.00277496 -0.06320000
v 0.00078751 0.00448642 -0.05640000
v 0.00423643 -0.00053750 -0.05640000
v 0.00252497 -0.00226232 -0.06320000
v 0.00423643 -0.00053750 -0.05640000
v -0.00078749 -0.00398642 -0.05640000
v -0.00262031 -0.00226445 -0.06320000
v -0.00078749 -0.00398642 -0.05640000
v -0.00423641 0.00103750 -0.05640000
v -0.00299561 0.00268543 -0.06320000
v -0.00423641 0.00103750 -0.05640000
v 0.00078751 0.00448642 -0.05640000
v 0.00016625 -0.00381580 -0.06320000
v -0.00262031 -0.00226445 -0.06320000
v 0.00252497 -0.00226232 -0.06320000
v 0.00406581 0.00041624 -0.06320000
v 0.00251233 0.00277496 -0.06320000
v -0.00299561 0.00268543 -0.06320000
v -0.00016623 0.00431580 -0.06320000
v -0.00299561 0.00268543 -0.06320000
v 0.00037842 0.00334567 -0.07020000
v -0.00309143 0.00114399 -0.07020000
v -0.00368356 0.00040029 -0.06320000
v -0.00309143 0.00114399 -0.07020000
v -0.00089398 -0.00284144 -0.07020000
v 0.00252497 -0.00226232 -0.06320000
v -0.00089398 -0.00284144 -0.07020000
v 0.00330619 -0.00016882 -0.07020000
v 0.00251233 0.00277496 -0.06320000
v 0.00330619 -0.00016882 -0.07020000
v 0.00037842 0.00334567 -0.07020000
v 0.00037842 0.00334567 -0.07020000
v -0.00299561 0.00268543 -0.06320000
v 0.00251233 0.00277496 -0.06320000
v 0.00330619 -0.00016882 -0.07020000
v 0.00251233 0.00277496 -0.06320000
v 0.00252497 -0.00226232 -0.06320000
v -0.00089398 -0.00284144 -0.07020000
v 0.00252497 -0.00226232 -0.06320000
v -0.00262031 -0.00226445 -0.06320000
v -0.00089398 -0.00284144 -0.07020000
v -0.00262031 -0.00226445 -0.06320000
v -0.00368356 0.00040029 -0.06320000
v -0.00309143 0.00114399 -0.07020000
v -0.00368356 0.00040029 -0.06320000
v -0.00299561 0.00268543 -0.06320000
v 0.00330619 -0.00016882 -0.07020000
v -0.00089398 -0.00284144 -0.07020000
v 0.00037842 0.00334567 -0.07020000
v -0.00309143 0.00114399 -0.07020000
v 0.00816229 0.00670127 -0.02599360
v 0.00546640 0.00580710 -0.02599860
v 0.00717093 0.00857523 -0.02599830
v 0.00813822 0.00612625 -0.01010940
v 0.00546640 0.00580710 -0.02599860
v 0.00816229 0.00670127 -0.02599360
v 0.00602863 0.00853361 -0.01008360
v 0.00717093 0.00857523 -0.02599830
v 0.00546640 0.00580710 -0.02599860
v 0.00813822 0.00612625 -0.01010940
v 0.00816229 0.00670127 -0.02599360
v 0.00717093 0.00857523 -0.02599830
v 0.00813822 0.00612625 -0.01010940
v 0.00559753 0.00604077 -0.01004210
v 0.00546640 0.00580710 -0.02599860
v 0.00559753 0.00604077 -0.01004210
v 0.00602863 0.00853361 -0.01008360
v 0.00546640 0.00580710 -0.02599860
v 0.00602863 0.00853361 -0.01008360
v 0.00813822 0.00612625 -0.01010940
v 0.00717093 0.00857523 -0.02599830
v 0.00559753 0.00604077 -0.01004210
v 0.00813822 0.00612625 -0.01010940
v 0.00729378 0.00402467 -0.00816629
v 0.00729378 0.00402467 -0.00816629
v 0.00385484 0.00667791 -0.00818390
v 0.00559753 0.00604077 -0.01004210
v 0.00385484 0.00667791 -0.00818390
v 0.00602863 0.00853361 -0.01008360
v 0.00559753 0.00604077 -0.01004210
v 0.00940759 0.00817831 -0.00861608
v 0.00813822 0.00612625 -0.01010940
v 0.00602863 0.00853361 -0.01008360
v 0.00602863 0.00853361 -0.01008360
v 0.00385484 0.00667791 -0.00818390
v 0.00607086 0.00973048 -0.00836720
v 0.00813822 0.00612625 -0.01010940
v 0.00940759 0.00817831 -0.00861608
v 0.00729378 0.00402467 -0.00816629
v 0.00602863 0.00853361 -0.01008360
v 0.00607086 0.00973048 -0.00836720
v 0.00940759 0.00817831 -0.00861608
v 0.00607086 0.00973048 -0.00836720
v 0.00729378 0.00402467 -0.00816629
v 0.00940759 0.00817831 -0.00861608
v 0.00729378 0.00402467 -0.00816629
v 0.00607086 0.00973048 -0.00836720
v 0.00385484 0.00667791 -0.00818390
v 0.00356164 0.00415590 -0.01000000
v -0.00261414 0.00484430 -0.01000000
v 0.00261414 0.00484430 -0.01200000
v -0.00139132 -0.00470942 -0.01000000
v 0.00489363 -0.00211993 -0.01002000
v 0.00139132 -0.00470942 -0.01200000
v -0.00517725 -0.00081645 -0.01000000
v -0.00139132 -0.00470942 -0.01000000
v -0.00390590 -0.00331164 -0.01200000
v -0.00261414 0.00484430 -0.01000000
v -0.00517725 -0.00081645 -0.01000000
v -0.00425089 0.00366769 -0.01200000
v -0.00425089 0.00366769 -0.01200000
v 0.00261414 0.00484430 -0.01200000
v -0.00261414 0.00484430 -0.01000000
v -0.00390590 -0.00331164 -0.01200000
v -0.00425089 0.00366769 -0.01200000
v -0.00517725 -0.00081645 -0.01000000
v 0.00139132 -0.00470942 -0.01200000
v -0.00390590 -0.00331164 -0.01200000
v -0.00139132 -0.00470942 -0.01000000
v 0.00261414 0.00484430 -0.01200000
v 0.00489363 -0.00211993 -0.01002000
v 0.00356164 0.00415590 -0.01000000
v 0.00629571 0.00669362 -0.01000050
v 0.00261414 0.00484430 -0.01200000
v 0.00771351 0.00761320 -0.01200000
v 0.00261414 0.00484430 -0.01200000
v 0.00771351 0.00761320 -0.01200000
v 0.00837231 -0.00702685 -0.01199500
v 0.00571425 -0.01113150 -0.01200000
v 0.00139132 -0.00470942 -0.01200000
v 0.00499855 -0.00588828 -0.01000050
v 0.00837231 -0.00702685 -0.01199500
v 0.00499855 -0.00588828 -0.01000050
v 0.00139132 -0.00470942 -0.01200000
v 0.00571425 -0.01113150 -0.01200000
v 0.01237790 -0.00956265 -0.01200000
v -0.00571425 0.01163150 -0.01200000
v 0.00261414 0.00484430 -0.01200000
v 0.00139132 -0.00470942 -0.01200000
v 0.00489363 -0.00211993 -0.01002000
v -0.00390590 -0.00331164 -0.01200000
v 0.00139132 -0.00470942 -0.01200000
v -0.00425089 0.00366769 -0.01200000
v -0.00688820 0.00557785 -0.01199980
v -0.01400000 0.01100000 -0.01200000
v -0.01304520 -0.00292695 -0.01200000
v -0.01402690 0.00488000 -0.01200000
v -0.00645842 -0.00588522 -0.01199890
v -0.01794640 0.00951806 -0.01200000
v -0.01525520 0.01560430 -0.01199810
v 0.00442236 0.01144140 -0.01200000
v 0.01316300 0.00961778 -0.01197800
v 0.01278960 0.01481620 -0.01200000
v 0.01739070 0.01227780 -0.01200000
v 0.01316300 0.00961778 -0.01197800
v 0.01739070 0.01227780 -0.01200000
v 0.01304520 0.00342696 -0.01200000
v 0.01304520 0.00342696 -0.01200000
v 0.01402690 -0.00437999 -0.01200000
v 0.01825630 -0.01018060 -0.01200000
v 0.01406150 -0.01472520 -0.01200000
v -0.00587367 -0.01121990 -0.01200000
v -0.01400000 -0.01050000 -0.01200000
v -0.01481290 -0.01489550 -0.01059270
v -0.01814400 -0.00977269 -0.01200000
v -0.01400000 -0.01050000 -0.01200000
v -0.00587367 -0.01121990 -0.01200000
v -0.01481290 -0.01489550 -0.01059270
v -0.01400000 -0.01050000 -0.01200000
v -0.01814400 -0.00977269 -0.01200000
v 0.01304520 0.00342696 -0.01200000
v 0.01739070 0.01227780 -0.01200000
v 0.01818580 0.00994138 -0.01002450
v 0.01467990 0.01539180 -0.01002990
v 0.01739070 0.01227780 -0.01200000
v 0.01278960 0.01481620 -0.01200000
v 0.00629571 0.00669362 -0.01000050
v 0.00771351 0.00761320 -0.01200000
v 0.00261414 0.00484430 -0.01200000
v -0.00688820 0.00557785 -0.01199980
v -0.00771351 0.00761320 -0.01000000
v -0.00261414 0.00484430 -0.01000000
v -0.00688820 0.00557785 -0.01199980
v -0.00261414 0.00484430 -0.01000000
v -0.00771351 0.00761320 -0.01000000
v -0.00771351 0.00761320 -0.01000000
v -0.00747562 -0.00817348 -0.01000000
v -0.00139132 -0.00470942 -0.01000000
v -0.00747562 -0.00817348 -0.01000000
v -0.00139132 -0.00470942 -0.01000000
v -0.00645842 -0.00588522 -0.01199890
v -0.00261414 0.00484430 -0.01000000
v 0.00356164 0.00415590 -0.01000000
v -0.00517725 -0.00081645 -0.01000000
v -0.00261414 0.00484430 -0.01000000
v -0.00139132 -0.00470942 -0.01000000
v 0.00499855 -0.00588828 -0.01000050
v 0.00629571 0.00669362 -0.01000050
v 0.01336860 0.00368112 -0.01000000
v 0.00489363 -0.00211993 -0.01002000
v 0.00773928 -0.00489736 -0.01000000
v 0.00499855 -0.00588828 -0.01000050
v 0.00773928 -0.00489736 -0.01000000
v 0.00489363 -0.00211993 -0.01002000
v 0.00837231 -0.00702685 -0.01199500
v 0.00499855 -0.00588828 -0.01000050
v 0.00773928 -0.00489736 -0.01000000
v 0.00629571 0.00669362 -0.01000050
v 0.01331360 0.01218670 -0.00999999
v 0.01316300 0.00961778 -0.01197800
v 0.01331360 0.01218670 -0.00999999
v 0.00450209 0.01150890 -0.01000000
v 0.01467990 0.01539180 -0.01002990
v 0.00450209 0.01150890 -0.01000000
v 0.01331360 0.01218670 -0.00999999
v 0.01316300 0.00961778 -0.01197800
v 0.01331360 0.01218670 -0.00999999
v 0.00629571 0.00669362 -0.01000050
v -0.00413552 0.01140770 -0.01000000
v -0.01400000 0.01100000 -0.01000000
v -0.01479780 0.01549160 -0.00999971
v -0.01716860 0.00936349 -0.01000000
v -0.01283430 -0.00195173 -0.01000000
v -0.01400000 -0.01050000 -0.01000000
v -0.01854120 -0.00997121 -0.01000000
v -0.01481290 -0.01489550 -0.01059270
v -0.00581365 -0.01121570 -0.01000000
v -0.01400000 -0.01050000 -0.01000000
v -0.01400000 -0.01050000 -0.01000000
v -0.01854120 -0.00997121 -0.01000000
v -0.01481290 -0.01489550 -0.01059270
v -0.00581365 -0.01121570 -0.01000000
v 0.00587369 -0.01121990 -0.01000000
v 0.01400000 -0.01050000 -0.00999999
v 0.01837450 -0.01243700 -0.00999999
v 0.01365270 -0.00396201 -0.00999999
v 0.01818580 0.00994138 -0.01002450
v 0.01331360 0.01218670 -0.00999999
v 0.01818580 0.00994138 -0.01002450
v 0.01467990 0.01539180 -0.01002990
v -0.00139132 -0.00470942 -0.01000000
v -0.00645842 -0.00588522 -0.01199890
v -0.00139132 -0.00470942 -0.01000000
v -0.00747562 -0.00817348 -0.01000000
v 0.01739070 0.01227780 -0.01200000
v 0.01467990 0.01539180 -0.01002990
v 0.01818580 0.00994138 -0.01002450
v 0.01837450 -0.01243700 -0.00999999
v 0.01406150 -0.01472520 -0.01200000
v 0.01825630 -0.01018060 -0.01200000
v 0.01825630 -0.01018060 -0.01200000
v 0.01365270 -0.00396201 -0.00999999
v 0.01837450 -0.01243700 -0.00999999
v 0.01406150 -0.01472520 -0.01200000
v 0.01837450 -0.01243700 -0.00999999
v 0.00587369 -0.01121990 -0.01000000
v -0.01854120 -0.00997121 -0.01000000
v -0.01304520 -0.00292695 -0.01200000
v -0.01814400 -0.00977269 -0.01200000
v -0.01854120 -0.00997121 -0.01000000
v -0.01814400 -0.00977269 -0.01200000
v -0.01481290 -0.01489550 -0.01059270
v -0.01716860 0.00936349 -0.01000000
v -0.01525520 0.01560430 -0.01199810
v -0.01794640 0.00951806 -0.01200000
v -0.01525520 0.01560430 -0.01199810
v -0.01716860 0.00936349 -0.01000000
v -0.01479780 0.01549160 -0.00999971
v 0.01336860 0.00368112 -0.01000000
v 0.01365270 -0.00396201 -0.00999999
v 0.01304520 0.00342696 -0.01200000
v 0.01818580 0.00994138 -0.01002450
v 0.01336860 0.00368112 -0.01000000
v 0.01304520 0.00342696 -0.01200000
v 0.01402690 -0.00437999 -0.01200000
v 0.01304520 0.00342696 -0.01200000
v 0.01365270 -0.00396201 -0.00999999
v 0.01825630 -0.01018060 -0.01200000
v 0.01402690 -0.00437999 -0.01200000
v 0.01365270 -0.00396201 -0.00999999
v -0.00581365 -0.01121570 -0.01000000
v -0.01481290 -0.01489550 -0.01059270
v -0.00587367 -0.01121990 -0.01200000
v 0.00587369 -0.01121990 -0.01000000
v -0.00581365 -0.01121570 -0.01000000
v -0.00587367 -0.01121990 -0.01200000
v 0.00571425 -0.01113150 -0.01200000
v 0.01406150 -0.01472520 -0.01200000
v 0.00587369 -0.01121990 -0.01000000
v -0.00587367 -0.01121990 -0.01200000
v 0.00571425 -0.01113150 -0.01200000
v 0.00587369 -0.01121990 -0.01000000
v -0.01283430 -0.00195173 -0.01000000
v -0.01716860 0.00936349 -0.01000000
v -0.01402690 0.00488000 -0.01200000
v -0.01854120 -0.00997121 -0.01000000
v -0.01283430 -0.00195173 -0.01000000
v -0.01304520 -0.00292695 -0.01200000
v -0.01402690 0.00488000 -0.01200000
v -0.01304520 -0.00292695 -0.01200000
v -0.01283430 -0.00195173 -0.01000000
v -0.01794640 0.00951806 -0.01200000
v -0.01402690 0.00488000 -0.01200000
v -0.01716860 0.00936349 -0.01000000
v 0.00442236 0.01144140 -0.01200000
v 0.00450209 0.01150890 -0.01000000
v 0.01467990 0.01539180 -0.01002990
v -0.00413552 0.01140770 -0.01000000
v 0.00450209 0.01150890 -0.01000000
v 0.00442236 0.01144140 -0.01200000
v -0.01479780 0.01549160 -0.00999971
v -0.00413552 0.01140770 -0.01000000
v -0.01525520 0.01560430 -0.01199810
v -0.00571425 0.01163150 -0.01200000
v -0.01525520 0.01560430 -0.01199810
v -0.00413552 0.01140770 -0.01000000
v 0.00442236 0.01144140 -0.01200000
v -0.00571425 0.01163150 -0.01200000
v -0.00413552 0.01140770 -0.01000000
v 0.01467990 0.01539180 -0.01002990
v 0.01278960 0.01481620 -0.01200000
v 0.00442236 0.01144140 -0.01200000
v -0.00688820 0.00557785 -0.01199980
v -0.00571425 0.01163150 -0.01200000
v -0.00771351 0.00761320 -0.01000000
v -0.00688820 0.00557785 -0.01199980
v -0.00771351 0.00761320 -0.01000000
v -0.00571425 0.01163150 -0.01200000
v 0.00499855 -0.00588828 -0.01000050
v 0.00837231 -0.00702685 -0.01199500
v 0.00773928 -0.00489736 -0.01000000
v 0.00499855 -0.00588828 -0.01000050
v 0.00837231 -0.00702685 -0.01199500
v 0.00571425 -0.01113150 -0.01200000
v 0.01237790 -0.00956265 -0.01200000
v 0.01825630 -0.01018060 -0.01200000
v 0.01400000 -0.01050000 -0.00999999
v 0.01825630 -0.01018060 -0.01200000
v 0.01237790 -0.00956265 -0.01200000
v 0.01400000 -0.01050000 -0.00999999
v 0.01316300 0.00961778 -0.01197800
v 0.01739070 0.01227780 -0.01200000
v 0.01331360 0.01218670 -0.00999999
v 0.01316300 0.00961778 -0.01197800
v 0.01331360 0.01218670 -0.00999999
v 0.01739070 0.01227780 -0.01200000
v -0.01301410 0.00948280 0.00003310
v -0.01325760 0.01195490 0.00000016
v -0.01318370 0.01191550 -0.00998897
v -0.01544580 0.00975533 -0.00001694
v -0.01301410 0.00948280 0.00003310
v -0.01319380 0.00926654 -0.00999186
v -0.01325760 0.01195490 0.00000016
v -0.01544580 0.00975533 -0.00001694
v -0.01547180 0.01057030 -0.00999177
v -0.01547180 0.01057030 -0.00999177
v -0.01318370 0.01191550 -0.00998897
v -0.01325760 0.01195490 0.00000016
v -0.01318370 0.01191550 -0.00998897
v -0.01319380 0.00926654 -0.00999186
v -0.01301410 0.00948280 0.00003310
v -0.01319380 0.00926654 -0.00999186
v -0.01547180 0.01057030 -0.00999177
v -0.01544580 0.00975533 -0.00001694
v -0.01650000 0.00799999 -0.00000000
v -0.01150000 0.00799999 -0.00000000
v -0.01301410 0.00948280 0.00003310
v -0.01150000 0.00799999 -0.00000000
v -0.01150000 0.01300000 -0.00000000
v -0.01325760 0.01195490 0.00000016
v -0.01301410 0.00948280 0.00003310
v -0.01544580 0.00975533 -0.00001694
v -0.01650000 0.00799999 -0.00000000
v -0.01650000 0.01300000 -0.00000000
v -0.01544580 0.00975533 -0.00001694
v -0.01325760 0.01195490 0.00000016
v -0.01544580 0.00975533 -0.00001694
v -0.01650000 0.01300000 -0.00000000
v -0.01650000 0.00799999 -0.00000000
v -0.01325760 0.01195490 0.00000016
v -0.01301410 0.00948280 0.00003310
v -0.01150000 0.00799999 -0.00000000
v -0.01650000 0.01300000 -0.00000000
v -0.01150000 0.01300000 -0.01000000
v -0.01650000 0.01300000 -0.01000000
v -0.01650000 0.01300000 -0.01000000
v -0.01150000 0.01300000 -0.01000000
v -0.01318370 0.01191550 -0.00998897
v -0.01150000 0.01300000 -0.01000000
v -0.01150000 0.00807583 -0.00955939
v -0.01318370 0.01191550 -0.00998897
v -0.01650000 0.01300000 -0.01000000
v -0.01318370 0.01191550 -0.00998897
v -0.01547180 0.01057030 -0.00999177
v -0.01150000 0.00807583 -0.00955939
v -0.01319380 0.00926654 -0.00999186
v -0.01318370 0.01191550 -0.00998897
v -0.01650000 0.00799999 -0.01000000
v -0.01319380 0.00926654 -0.00999186
v -0.01547180 0.01057030 -0.00999177
v -0.01650000 0.00799999 -0.01000000
v -0.01650000 0.01300000 -0.01000000
v -0.01150000 0.00807583 -0.00955939
v -0.01650000 0.00799999 -0.01000000
v -0.01319380 0.00926654 -0.00999186
v -0.01650000 -0.00666345 -0.00723897
v -0.01650000 -0.00800000 -0.00000000
v -0.01150000 -0.00800000 -0.00000000
v -0.01650000 -0.00596760 -0.00558040
v -0.01650000 -0.00666345 -0.00723897
v -0.01150000 -0.00689565 -0.00449929
v -0.01650000 0.00077235 -0.00828792
v -0.01650000 -0.00596760 -0.00558040
v -0.01150000 -0.00077235 -0.00828792
v -0.01650000 0.00689565 -0.00449928
v -0.01650000 0.00077235 -0.00828792
v -0.01150000 0.00596760 -0.00558040
v -0.01650000 0.00799999 -0.00000000
v -0.01650000 0.00689565 -0.00449928
v -0.01150000 0.00666347 -0.00723895
v -0.01150000 0.00666347 -0.00723895
v -0.01150000 0.00799999 -0.00000000
v -0.01650000 0.00799999 -0.00000000
v -0.01150000 0.00596760 -0.00558040
v -0.01150000 0.00666347 -0.00723895
v -0.01650000 0.00689565 -0.00449928
v -0.01150000 -0.00077235 -0.00828792
v -0.01150000 0.00596760 -0.00558040
v -0.01650000 0.00077235 -0.00828792
v -0.01150000 -0.00689565 -0.00449929
v -0.01150000 -0.00077235 -0.00828792
v -0.01650000 -0.00596760 -0.00558040
v -0.01150000 -0.00800000 -0.00000000
v -0.01150000 -0.00689565 -0.00449929
v -0.01650000 -0.00666345 -0.00723897
v -0.01150000 0.00807583 -0.00955939
v -0.01650000 0.00689565 -0.00449928
v -0.01650000 0.00799999 -0.01000000
v -0.01650000 0.00251630 -0.00990743
v -0.01650000 0.00689565 -0.00449928
v -0.01150000 0.00666347 -0.00723895
v -0.01150000 0.00807583 -0.00955939
v -0.01150000 0.00666347 -0.00723895
v -0.01650000 0.00689565 -0.00449928
v -0.01650000 0.00251630 -0.00990743
v -0.01150000 0.00666347 -0.00723895
v -0.01150000 0.00359541 -0.00939440
v -0.01650000 0.00251630 -0.00990743
v -0.01150000 0.00359541 -0.00939440
v -0.01150000 -0.00251630 -0.00990743
v -0.01150000 -0.00251630 -0.00990743
v -0.01650000 -0.00666345 -0.00723897
v -0.01650000 -0.00359541 -0.00939440
v -0.01150000 -0.00251630 -0.00990743
v -0.01650000 -0.00359541 -0.00939440
v -0.01650000 0.00251630 -0.00990743
v -0.01650000 -0.00807584 -0.00955938
v -0.01650000 -0.00666345 -0.00723897
v -0.01150000 -0.00689565 -0.00449929
v -0.01150000 -0.00251630 -0.00990743
v -0.01150000 -0.00689565 -0.00449929
v -0.01650000 -0.00666345 -0.00723897
v -0.01650000 -0.00807584 -0.00955938
v -0.01150000 -0.00689565 -0.00449929
v -0.01150000 -0.00800000 -0.01000000
v -0.01150000 -0.00077235 -0.00828792
v -0.01150000 -0.00251630 -0.00990743
v -0.01150000 0.00359541 -0.00939440
v -0.01150000 0.00596760 -0.00558040
v -0.01150000 0.00666347 -0.00723895
v -0.01150000 0.00807583 -0.00955939
v -0.01150000 -0.00689565 -0.00449929
v -0.01150000 0.01300000 -0.01000000
v -0.01150000 -0.01300000 -0.01000000
v -0.01150000 -0.00800000 -0.01000000
v -0.01650000 -0.00359541 -0.00939440
v -0.01650000 -0.00596760 -0.00558040
v -0.01650000 0.00077235 -0.00828792
v -0.01650000 -0.00666345 -0.00723897
v -0.01650000 0.00251630 -0.00990743
v -0.01650000 0.00689565 -0.00449928
v -0.01650000 -0.00807584 -0.00955938
v -0.01650000 0.01300000 -0.01000000
v -0.01650000 0.00799999 -0.01000000
v -0.01650000 -0.01300000 -0.01000000
v -0.01650000 -0.01300000 -0.01000000
v -0.01150000 -0.01300000 -0.01000000
v -0.01650000 -0.01300000 -0.00000000
v -0.01150000 -0.01300000 -0.00000000
v -0.01280750 -0.01136830 0.00000007
v -0.01650000 -0.00800000 -0.00000000
v -0.01650000 -0.01300000 -0.00000000
v -0.01548570 -0.00996829 0.00002658
v -0.01650000 -0.00800000 -0.00000000
v -0.01548570 -0.00996829 0.00002658
v -0.01324980 -0.00926126 -0.00000106
v -0.01150000 -0.00800000 -0.00000000
v -0.01650000 -0.00800000 -0.00000000
v -0.01324980 -0.00926126 -0.00000106
v -0.01280750 -0.01136830 0.00000007
v -0.01548570 -0.00996829 0.00002658
v -0.01650000 -0.01300000 -0.00000000
v -0.01650000 -0.00807584 -0.00955938
v -0.01150000 -0.00800000 -0.01000000
v -0.01274680 -0.00937090 -0.00998607
v -0.01539970 -0.01021610 -0.00999112
v -0.01430580 -0.01193830 -0.00992675
v -0.01650000 -0.01300000 -0.01000000
v -0.01430580 -0.01193830 -0.00992675
v -0.01274680 -0.00937090 -0.00998607
v -0.01150000 -0.01300000 -0.01000000
v -0.01150000 -0.01300000 -0.01000000
v -0.01650000 -0.01300000 -0.01000000
v -0.01430580 -0.01193830 -0.00992675
v -0.01539970 -0.01021610 -0.00999112
v -0.01650000 -0.01300000 -0.01000000
v -0.01650000 -0.00807584 -0.00955938
v -0.01274680 -0.00937090 -0.00998607
v -0.01539970 -0.01021610 -0.00999112
v -0.01650000 -0.00807584 -0.00955938
v -0.01274680 -0.00937090 -0.00998607
v -0.01150000 -0.00800000 -0.01000000
v -0.01150000 -0.01300000 -0.01000000
v -0.01280750 -0.01136830 0.00000007
v -0.01324980 -0.00926126 -0.00000106
v -0.01274680 -0.00937090 -0.00998607
v -0.01324980 -0.00926126 -0.00000106
v -0.01548570 -0.00996829 0.00002658
v -0.01274680 -0.00937090 -0.00998607
v -0.01539970 -0.01021610 -0.00999112
v -0.01430580 -0.01193830 -0.00992675
v -0.01539970 -0.01021610 -0.00999112
v -0.01548570 -0.00996829 0.00002658
v -0.01274680 -0.00937090 -0.00998607
v -0.01430580 -0.01193830 -0.00992675
v -0.01280750 -0.01136830 0.00000007
v -0.01548570 -0.00996829 0.00002658
v -0.01280750 -0.01136830 0.00000007
v -0.01430580 -0.01193830 -0.00992675
v 0.00851162 -0.00701210 -0.01360000
v 0.00586333 -0.00486631 -0.01360000
v 0.00811479 -0.00561149 -0.02360000
v 0.00554149 -0.00768242 -0.01360000
v 0.00851162 -0.00701210 -0.01360000
v 0.00762571 -0.00796461 -0.02360000
v 0.00586333 -0.00486631 -0.01360000
v 0.00554149 -0.00768242 -0.01360000
v 0.00515348 -0.00711004 -0.02360000
v 0.00515348 -0.00711004 -0.02360000
v 0.00607500 -0.00490348 -0.02360000
v 0.00586333 -0.00486631 -0.01360000
v 0.00762571 -0.00796461 -0.02360000
v 0.00515348 -0.00711004 -0.02360000
v 0.00554149 -0.00768242 -0.01360000
v 0.00811479 -0.00561149 -0.02360000
v 0.00762571 -0.00796461 -0.02360000
v 0.00851162 -0.00701210 -0.01360000
v 0.00607500 -0.00490348 -0.02360000
v 0.00811479 -0.00561149 -0.02360000
v 0.00586333 -0.00486631 -0.01360000
v 0.00301768 -0.00651740 -0.01360000
v 0.00554149 -0.00768242 -0.01360000
v 0.00586333 -0.00486631 -0.01360000
v 0.00562165 -0.01000170 -0.01360000
v 0.00851162 -0.00701210 -0.01360000
v 0.00505477 -0.00326818 -0.01360000
v 0.00928758 -0.00899641 -0.01360000
v 0.01025510 -0.00648154 -0.01360000
v 0.00885188 -0.00344498 -0.01360000
v 0.00505477 -0.00326818 -0.01360000
v 0.00481704 -0.00348371 -0.02360000
v 0.00302878 -0.00617678 -0.02360000
v 0.00301768 -0.00651740 -0.01360000
v 0.00302878 -0.00617678 -0.02360000
v 0.00446704 -0.00919703 -0.02360000
v 0.00562165 -0.01000170 -0.01360000
v 0.00446704 -0.00919703 -0.02360000
v 0.00701947 -0.01006050 -0.02360000
v 0.00928758 -0.00899641 -0.01360000
v 0.00701947 -0.01006050 -0.02360000
v 0.00980173 -0.00833516 -0.02360000
v 0.01025510 -0.00648154 -0.01360000
v 0.00980173 -0.00833516 -0.02360000
v 0.01004130 -0.00507003 -0.02360000
v 0.00885188 -0.00344498 -0.01360000
v 0.01004130 -0.00507003 -0.02360000
v 0.00754060 -0.00295710 -0.02360000
v 0.00505477 -0.00326818 -0.01360000
v 0.00754060 -0.00295710 -0.02360000
v 0.00481704 -0.00348371 -0.02360000
v 0.00754060 -0.00295710 -0.02360000
v 0.00505477 -0.00326818 -0.01360000
v 0.00885188 -0.00344498 -0.01360000
v 0.01004130 -0.00507003 -0.02360000
v 0.00885188 -0.00344498 -0.01360000
v 0.01025510 -0.00648154 -0.01360000
v 0.00980173 -0.00833516 -0.02360000
v 0.01025510 -0.00648154 -0.01360000
v 0.00928758 -0.00899641 -0.01360000
v 0.00701947 -0.01006050 -0.02360000
v 0.00928758 -0.00899641 -0.01360000
v 0.00562165 -0.01000170 -0.01360000
v 0.00446704 -0.00919703 -0.02360000
v 0.00562165 -0.01000170 -0.01360000
v 0.00301768 -0.00651740 -0.01360000
v 0.00302878 -0.00617678 -0.02360000
v 0.00301768 -0.00651740 -0.01360000
v 0.00505477 -0.00326818 -0.01360000
v 0.01004130 -0.00507003 -0.02360000
v 0.00980173 -0.00833516 -0.02360000
v 0.00762571 -0.00796461 -0.02360000
v 0.00811479 -0.00561149 -0.02360000
v 0.00701947 -0.01006050 -0.02360000
v 0.00446704 -0.00919703 -0.02360000
v 0.00515348 -0.00711004 -0.02360000
v 0.00607500 -0.00490348 -0.02360000
v 0.00754060 -0.00295710 -0.02360000
v 0.00302878 -0.00617678 -0.02360000
v 0.00481704 -0.00348371 -0.02360000
v 0.01145810 -0.00398202 -0.01360000
v 0.00913719 -0.00341478 -0.01280000
v 0.00774131 -0.01150680 -0.01317290
v 0.00913719 -0.00341478 -0.01280000
v 0.01145810 -0.00398202 -0.01360000
v 0.00183952 -0.00496325 -0.01316920
v 0.00183952 -0.00496325 -0.01316920
v 0.00774131 -0.01150680 -0.01317290
v 0.00913719 -0.00341478 -0.01280000
v 0.00671752 -0.00646752 -0.01360000
v 0.01145810 -0.00398202 -0.01360000
v 0.00774131 -0.01150680 -0.01317290
v 0.00774131 -0.01150680 -0.01317290
v 0.00183952 -0.00496325 -0.01316920
v 0.00671752 -0.00646752 -0.01360000
v 0.00183952 -0.00496325 -0.01316920
v 0.01145810 -0.00398202 -0.01360000
v 0.00671752 -0.00646752 -0.01360000
v 0.00355833 -0.01023650 -0.01243640
v 0.00292394 -0.00372180 -0.01240000
v 0.01067190 -0.00837142 -0.01256320
v 0.00292394 -0.00372180 -0.01240000
v 0.00873654 -0.00212551 -0.01244740
v 0.01067190 -0.00837142 -0.01256320
v 0.00671751 -0.00646751 -0.01200000
v 0.00873654 -0.00212551 -0.01244740
v 0.00292394 -0.00372180 -0.01240000
v 0.00671751 -0.00646751 -0.01200000
v 0.00292394 -0.00372180 -0.01240000
v 0.00355833 -0.01023650 -0.01243640
v 0.00671751 -0.00646751 -0.01200000
v 0.00355833 -0.01023650 -0.01243640
v 0.01067190 -0.00837142 -0.01256320
v 0.01067190 -0.00837142 -0.01256320
v 0.00873654 -0.00212551 -0.01244740
v 0.00671751 -0.00646751 -0.01200000
v 0.01324980 0.00926126 -0.00000105
v 0.01548570 0.00996829 0.00002658
v 0.01274680 0.00937090 -0.00998606
v 0.01280750 0.01136830 0.00000008
v 0.01324980 0.00926126 -0.00000105
v 0.01274680 0.00937090 -0.00998606
v 0.01274680 0.00937090 -0.00998606
v 0.01430580 0.01193830 -0.00992674
v 0.01280750 0.01136830 0.00000008
v 0.01539970 0.01021610 -0.00999111
v 0.01430580 0.01193830 -0.00992674
v 0.01539970 0.01021610 -0.00999111
v 0.01548570 0.00996829 0.00002658
v 0.01548570 0.00996829 0.00002658
v 0.01280750 0.01136830 0.00000008
v 0.01430580 0.01193830 -0.00992674
v 0.01150000 0.00800000 0.00000000
v 0.01650000 0.00800000 0.00000000
v 0.01324980 0.00926126 -0.00000105
v 0.01650000 0.00800000 0.00000000
v 0.01650000 0.01300000 0.00000000
v 0.01548570 0.00996829 0.00002658
v 0.01548570 0.00996829 0.00002658
v 0.01324980 0.00926126 -0.00000105
v 0.01650000 0.00800000 0.00000000
v 0.01280750 0.01136830 0.00000008
v 0.01150000 0.01300000 0.00000000
v 0.01650000 0.01300000 0.00000000
v 0.01280750 0.01136830 0.00000008
v 0.01548570 0.00996829 0.00002658
v 0.01650000 0.01300000 0.00000000
v 0.01650000 0.01300000 -0.00999999
v 0.01150000 0.01300000 -0.00999999
v 0.01150000 0.01300000 -0.00999999
v 0.01650000 0.01300000 -0.00999999
v 0.01430580 0.01193830 -0.00992674
v 0.01650000 0.01300000 -0.00999999
v 0.01650000 0.00807584 -0.00955937
v 0.01539970 0.01021610 -0.00999111
v 0.01650000 0.01300000 -0.00999999
v 0.01539970 0.01021610 -0.00999111
v 0.01430580 0.01193830 -0.00992674
v 0.01150000 0.01300000 -0.00999999
v 0.01430580 0.01193830 -0.00992674
v 0.01274680 0.00937090 -0.00998606
v 0.01650000 0.00807584 -0.00955937
v 0.01274680 0.00937090 -0.00998606
v 0.01539970 0.01021610 -0.00999111
v 0.01274680 0.00937090 -0.00998606
v 0.01150000 0.00800000 -0.00999999
v 0.01150000 0.01300000 -0.00999999
v 0.01650000 0.00807584 -0.00955937
v 0.01150000 0.00800000 -0.00999999
v 0.01274680 0.00937090 -0.00998606
v 0.01150000 -0.00666348 -0.00723895
v 0.01150000 -0.00799999 0.00000000
v 0.01650000 -0.00799999 0.00000000
v 0.01150000 -0.00596760 -0.00558040
v 0.01150000 -0.00666348 -0.00723895
v 0.01650000 -0.00689566 -0.00449927
v 0.01150000 0.00077236 -0.00828792
v 0.01150000 -0.00596760 -0.00558040
v 0.01650000 -0.00077235 -0.00828792
v 0.01150000 0.00689565 -0.00449929
v 0.01150000 0.00077236 -0.00828792
v 0.01650000 0.00596761 -0.00558038
v 0.01150000 0.00800000 0.00000000
v 0.01150000 0.00689565 -0.00449929
v 0.01650000 0.00666345 -0.00723897
v 0.01650000 0.00666345 -0.00723897
v 0.01650000 0.00800000 0.00000000
v 0.01150000 0.00800000 0.00000000
v 0.01650000 0.00596761 -0.00558038
v 0.01650000 0.00666345 -0.00723897
v 0.01150000 0.00689565 -0.00449929
v 0.01650000 -0.00077235 -0.00828792
v 0.01650000 0.00596761 -0.00558038
v 0.01150000 0.00077236 -0.00828792
v 0.01650000 -0.00689566 -0.00449927
v 0.01650000 -0.00077235 -0.00828792
v 0.01150000 -0.00596760 -0.00558040
v 0.01650000 -0.00799999 0.00000000
v 0.01650000 -0.00689566 -0.00449927
v 0.01150000 -0.00666348 -0.00723895
v 0.01650000 0.00807584 -0.00955937
v 0.01150000 0.00689565 -0.00449929
v 0.01150000 0.00800000 -0.00999999
v 0.01150000 0.00251629 -0.00990742
v 0.01150000 0.00689565 -0.00449929
v 0.01650000 0.00666345 -0.00723897
v 0.01650000 0.00807584 -0.00955937
v 0.01650000 0.00666345 -0.00723897
v 0.01150000 0.00689565 -0.00449929
v 0.01150000 0.00251629 -0.00990742
v 0.01650000 0.00666345 -0.00723897
v 0.01650000 0.00359541 -0.00939440
v 0.01150000 0.00251629 -0.00990742
v 0.01650000 0.00359541 -0.00939440
v 0.01650000 -0.00251629 -0.00990742
v 0.01650000 -0.00251629 -0.00990742
v 0.01150000 -0.00666348 -0.00723895
v 0.01150000 -0.00359540 -0.00939440
v 0.01650000 -0.00251629 -0.00990742
v 0.01150000 -0.00359540 -0.00939440
v 0.01150000 0.00251629 -0.00990742
v 0.01150000 -0.00807583 -0.00955938
v 0.01150000 -0.00666348 -0.00723895
v 0.01650000 -0.00689566 -0.00449927
v 0.01650000 -0.00251629 -0.00990742
v 0.01650000 -0.00689566 -0.00449927
v 0.01150000 -0.00666348 -0.00723895
v 0.01150000 -0.00807583 -0.00955938
v 0.01650000 -0.00689566 -0.00449927
v 0.01650000 -0.00799999 -0.00999999
v 0.01650000 -0.00077235 -0.00828792
v 0.01650000 -0.00251629 -0.00990742
v 0.01650000 0.00359541 -0.00939440
v 0.01650000 0.00596761 -0.00558038
v 0.01650000 0.00666345 -0.00723897
v 0.01650000 0.00807584 -0.00955937
v 0.01650000 -0.00689566 -0.00449927
v 0.01650000 0.01300000 -0.00999999
v 0.01650000 -0.01300000 -0.00999999
v 0.01650000 -0.00799999 -0.00999999
v 0.01150000 -0.00359540 -0.00939440
v 0.01150000 -0.00596760 -0.00558040
v 0.01150000 0.00077236 -0.00828792
v 0.01150000 -0.00666348 -0.00723895
v 0.01150000 0.00251629 -0.00990742
v 0.01150000 0.00689565 -0.00449929
v 0.01150000 -0.00807583 -0.00955938
v 0.01150000 0.01300000 -0.00999999
v 0.01150000 0.00800000 -0.00999999
v 0.01150000 -0.01300000 -0.00999999
v 0.01150000 -0.01300000 -0.00999999
v 0.01650000 -0.01300000 -0.00999999
v 0.01150000 -0.01300000 0.00000000
v 0.01650000 -0.01300000 0.00000000
v 0.01280750 -0.01136830 -0.00000007
v 0.01150000 -0.00799999 0.00000000
v 0.01548570 -0.00996828 -0.00002658
v 0.01280750 -0.01136830 -0.00000007
v 0.01650000 -0.01300000 0.00000000
v 0.01548570 -0.00996828 -0.00002658
v 0.01650000 -0.01300000 0.00000000
v 0.01650000 -0.00799999 0.00000000
v 0.01650000 -0.00799999 0.00000000
v 0.01324980 -0.00926126 0.00000106
v 0.01324980 -0.00926126 0.00000106
v 0.01548570 -0.00996828 -0.00002658
v 0.01650000 -0.00799999 0.00000000
v 0.01150000 -0.00807583 -0.00955938
v 0.01650000 -0.00799999 -0.00999999
v 0.01309720 -0.00931708 -0.00995017
v 0.01276650 -0.01130620 -0.00999185
v 0.01517260 -0.01153110 -0.00995774
v 0.01150000 -0.01300000 -0.00999999
v 0.01650000 -0.00799999 -0.00999999
v 0.01517260 -0.01153110 -0.00995774
v 0.01309720 -0.00931708 -0.00995017
v 0.01650000 -0.01300000 -0.00999999
v 0.01150000 -0.01300000 -0.00999999
v 0.01517260 -0.01153110 -0.00995774
v 0.01276650 -0.01130620 -0.00999185
v 0.01150000 -0.01300000 -0.00999999
v 0.01150000 -0.00807583 -0.00955938
v 0.01309720 -0.00931708 -0.00995017
v 0.01276650 -0.01130620 -0.00999185
v 0.01150000 -0.00807583 -0.00955938
v 0.01517260 -0.01153110 -0.00995774
v 0.01650000 -0.00799999 -0.00999999
v 0.01650000 -0.01300000 -0.00999999
v 0.01309720 -0.00931708 -0.00995017
v 0.01517260 -0.01153110 -0.00995774
v 0.01548570 -0.00996828 -0.00002658
v 0.01548570 -0.00996828 -0.00002658
v 0.01324980 -0.00926126 0.00000106
v 0.01309720 -0.00931708 -0.00995017
v 0.01309720 -0.00931708 -0.00995017
v 0.01280750 -0.01136830 -0.00000007
v 0.01276650 -0.01130620 -0.00999185
v 0.01517260 -0.01153110 -0.00995774
v 0.01276650 -0.01130620 -0.00999185
v 0.01280750 -0.01136830 -0.00000007
v 0.01324980 -0.00926126 0.00000106
v 0.01280750 -0.01136830 -0.00000007
v 0.01309720 -0.00931708 -0.00995017
v 0.01280750 -0.01136830 -0.00000007
v 0.01548570 -0.00996828 -0.00002658
v 0.01517260 -0.01153110 -0.00995774
v -0.17850000 0.00595571 0.00534124
v 0.02150000 0.00595574 0.00534127
v 0.02150000 0.00717594 0.00353636
v -0.17850000 0.00717591 0.00353633
v 0.02150000 0.00717594 0.00353636
v 0.02150000 0.00786394 0.00146917
v -0.17850000 0.00786391 0.00146914
v 0.02150000 0.00786394 0.00146917
v 0.02150000 0.00796870 -0.00070697
v -0.17850000 0.00796867 -0.00070700
v 0.02150000 0.00796870 -0.00070697
v 0.02150000 0.00748246 -0.00283069
v -0.17850000 0.00748243 -0.00283072
v 0.02150000 0.00748246 -0.00283069
v 0.02150000 0.00644128 -0.00474445
v -0.17850000 0.00644125 -0.00474449
v 0.02150000 0.00644128 -0.00474445
v 0.02150000 0.00492238 -0.00630635
v -0.17850000 0.00492235 -0.00630639
v 0.02150000 0.00492238 -0.00630635
v 0.02150000 0.00303841 -0.00740054
v -0.17850000 0.00303839 -0.00740058
v 0.02150000 0.00303841 -0.00740054
v 0.02150000 0.00092910 -0.00794586
v -0.17850000 0.00092907 -0.00794590
v 0.02150000 0.00092910 -0.00794586
v 0.02150000 -0.00124913 -0.00790187
v -0.17850000 -0.00124915 -0.00790191
v 0.02150000 -0.00124913 -0.00790187
v 0.02150000 -0.00333471 -0.00727183
v -0.17850000 -0.00333473 -0.00727187
v 0.02150000 -0.00333471 -0.00727183
v 0.02150000 -0.00517297 -0.00610248
v -0.17850000 -0.00662759 -0.00448057
v -0.17850000 -0.00595576 -0.00534130
v 0.02150000 -0.00595574 -0.00534126
v 0.02150000 -0.00517297 -0.00610248
v 0.02150000 -0.00595574 -0.00534126
v -0.17850000 -0.00595576 -0.00534130
v -0.17850000 -0.00517299 -0.00610252
v -0.17850000 -0.00662759 -0.00448057
v 0.02150000 -0.00662757 -0.00448053
v 0.02150000 -0.00759064 -0.00252630
v -0.17850000 -0.00759066 -0.00252633
v 0.02150000 -0.00759064 -0.00252630
v 0.02150000 -0.00799074 -0.00038468
v -0.17850000 -0.00799077 -0.00038471
v 0.02150000 -0.00799074 -0.00038468
v 0.02150000 -0.00779821 0.00178546
v -0.17850000 -0.00779823 0.00178543
v 0.02150000 -0.00779821 0.00178546
v 0.02150000 -0.00702732 0.00382318
v -0.17850000 -0.00702734 0.00382315
v 0.02150000 -0.00702732 0.00382318
v 0.02150000 -0.00573525 0.00557736
v -0.17850000 -0.00573527 0.00557733
v 0.02150000 -0.00573525 0.00557736
v 0.02150000 -0.00401782 0.00691789
v -0.17850000 -0.00401784 0.00691786
v 0.02150000 -0.00401782 0.00691789
v 0.02150000 -0.00200240 0.00774535
v -0.17850000 -0.00200242 0.00774532
v 0.02150000 -0.00200240 0.00774535
v 0.02150000 0.00016152 0.00799837
v -0.17850000 0.00016150 0.00799834
v 0.02150000 0.00016152 0.00799837
v 0.02150000 0.00231347 0.00765819
v -0.17850000 0.00231345 0.00765816
v 0.02150000 0.00231347 0.00765819
v 0.02150000 0.00429383 0.00675004
v -0.17850000 0.00429380 0.00675001
v 0.02150000 0.00429383 0.00675004
v 0.02150000 0.00595574 0.00534127
v -0.17850000 0.00595571 0.00534124
v -0.17850000 0.00429380 0.00675001
v -0.17850000 0.00231345 0.00765816
v -0.17850000 0.00016150 0.00799834
v -0.17850000 -0.00200242 0.00774532
v -0.17850000 -0.00401784 0.00691786
v -0.17850000 -0.00573527 0.00557733
v -0.17850000 -0.00702734 0.00382315
v -0.17850000 -0.00779823 0.00178543
v -0.17850000 -0.00799077 -0.00038471
v -0.17850000 -0.00759066 -0.00252633
v 0.02150000 -0.00662757 -0.00448053
v -0.17850000 -0.00517299 -0.00610252
v -0.17850000 -0.00333473 -0.00727187
v -0.17850000 -0.00124915 -0.00790191
v -0.17850000 0.00092907 -0.00794590
v -0.17850000 0.00303839 -0.00740058
v -0.17850000 0.00492235 -0.00630639
v -0.17850000 0.00644125 -0.00474449
v -0.17850000 0.00748243 -0.00283072
v -0.17850000 0.00796867 -0.00070700
v -0.17850000 0.00786391 0.00146914
v -0.17850000 0.00717591 0.00353633
v 0.02150000 -0.00517297 -0.00610248
v 0.02150000 -0.00445650 -0.00539810
v 0.02150000 -0.00521127 -0.00467360
v 0.02150000 -0.00333471 -0.00727183
v 0.02150000 -0.00266739 -0.00647186
v 0.02150000 -0.00124913 -0.00790187
v 0.02150000 -0.00064127 -0.00697056
v 0.02150000 0.00092910 -0.00794586
v 0.02150000 0.00144183 -0.00684989
v 0.02150000 0.00786394 0.00146917
v 0.02150000 0.00717594 0.00353636
v 0.02150000 0.00635732 0.00292992
v 0.02150000 0.00595574 0.00534127
v 0.02150000 0.00521127 0.00467361
v 0.02150000 0.00016152 0.00799837
v 0.02150000 -0.00040479 0.00698829
v 0.02150000 0.00167302 0.00679713
v 0.02150000 -0.00200240 0.00774535
v 0.02150000 -0.00244665 0.00655850
v 0.02150000 0.00492238 -0.00630635
v 0.02150000 0.00504998 -0.00484743
v 0.02150000 0.00339681 -0.00612058
v 0.02150000 0.00429383 0.00675004
v 0.02150000 0.00360218 0.00600202
v 0.02150000 -0.00401782 0.00691789
v 0.02150000 -0.00427110 0.00554596
v 0.02150000 -0.00573525 0.00557736
v 0.02150000 -0.00702732 0.00382318
v 0.02150000 -0.00571605 0.00404064
v 0.02150000 -0.00779821 0.00178546
v 0.02150000 -0.00665310 0.00217629
v 0.02150000 -0.00799074 -0.00038468
v 0.02150000 -0.00699900 0.00011857
v 0.02150000 0.00303841 -0.00740054
v 0.02150000 0.00644128 -0.00474445
v 0.02150000 0.00748246 -0.00283069
v 0.02150000 0.00625443 -0.00314358
v 0.02150000 0.00231347 0.00765819
v 0.02150000 -0.00759064 -0.00252630
v 0.02150000 -0.00672300 -0.00194969
v 0.02150000 -0.00662757 -0.00448053
v 0.02150000 -0.00584963 -0.00384471
v 0.02150000 -0.00595574 -0.00534126
v 0.02150000 0.00796870 -0.00070697
v 0.02150000 0.00690315 -0.00116039
v 0.02150000 0.00693849 0.00092591
v -0.17850000 0.00360216 0.00600199
v -0.17850000 0.00521124 0.00467358
v 0.02150000 0.00521127 0.00467361
v -0.17850000 0.00167300 0.00679710
v -0.17850000 0.00360216 0.00600199
v 0.02150000 0.00360218 0.00600202
v -0.17850000 -0.00040482 0.00698826
v -0.17850000 0.00167300 0.00679710
v 0.02150000 0.00167302 0.00679713
v -0.17850000 -0.00244667 0.00655847
v -0.17850000 -0.00040482 0.00698826
v 0.02150000 -0.00040479 0.00698829
v -0.17850000 -0.00427112 0.00554593
v -0.17850000 -0.00244667 0.00655847
v 0.02150000 -0.00244665 0.00655850
v -0.17850000 -0.00571607 0.00404061
v -0.17850000 -0.00427112 0.00554593
v 0.02150000 -0.00427110 0.00554596
v -0.17850000 -0.00665312 0.00217626
v -0.17850000 -0.00571607 0.00404061
v 0.02150000 -0.00571605 0.00404064
v -0.17850000 -0.00699902 0.00011854
v -0.17850000 -0.00665312 0.00217626
v 0.02150000 -0.00665310 0.00217629
v -0.17850000 -0.00672302 -0.00194972
v -0.17850000 -0.00699902 0.00011854
v 0.02150000 -0.00699900 0.00011857
v -0.17850000 -0.00584965 -0.00384474
v -0.17850000 -0.00672302 -0.00194972
v 0.02150000 -0.00672300 -0.00194969
v -0.17850000 -0.00445652 -0.00539814
v -0.17850000 -0.00521129 -0.00467364
v 0.02150000 -0.00521127 -0.00467360
v 0.02150000 -0.00584963 -0.00384471
v 0.02150000 -0.00521127 -0.00467360
v -0.17850000 -0.00521129 -0.00467364
v -0.17850000 -0.00584965 -0.00384474
v -0.17850000 -0.00266741 -0.00647189
v -0.17850000 -0.00445652 -0.00539814
v 0.02150000 -0.00445650 -0.00539810
v -0.17850000 -0.00064130 -0.00697059
v -0.17850000 -0.00266741 -0.00647189
v 0.02150000 -0.00266739 -0.00647186
v -0.17850000 0.00144181 -0.00684993
v -0.17850000 -0.00064130 -0.00697059
v 0.02150000 -0.00064127 -0.00697056
v -0.17850000 0.00339679 -0.00612062
v -0.17850000 0.00144181 -0.00684993
v 0.02150000 0.00144183 -0.00684989
v -0.17850000 0.00504995 -0.00484747
v -0.17850000 0.00339679 -0.00612062
v 0.02150000 0.00339681 -0.00612058
v -0.17850000 0.00625440 -0.00314361
v -0.17850000 0.00504995 -0.00484747
v 0.02150000 0.00504998 -0.00484743
v -0.17850000 0.00690312 -0.00116042
v -0.17850000 0.00625440 -0.00314361
v 0.02150000 0.00625443 -0.00314358
v -0.17850000 0.00693846 0.00092587
v -0.17850000 0.00690312 -0.00116042
v 0.02150000 0.00690315 -0.00116039
v -0.17850000 0.00635729 0.00292989
v -0.17850000 0.00693846 0.00092587
v 0.02150000 0.00693849 0.00092591
v -0.17850000 0.00521124 0.00467358
v -0.17850000 0.00635729 0.00292989
v 0.02150000 0.00635732 0.00292992
v 0.02150000 0.00521127 0.00467361
v 0.02150000 0.00635732 0.00292992
v 0.02150000 0.00693849 0.00092591
v 0.02150000 0.00690315 -0.00116039
v 0.02150000 0.00625443 -0.00314358
v 0.02150000 0.00504998 -0.00484743
v 0.02150000 0.00339681 -0.00612058
v 0.02150000 0.00144183 -0.00684989
v 0.02150000 -0.00064127 -0.00697056
v 0.02150000 -0.00266739 -0.00647186
v 0.02150000 -0.00445650 -0.00539810
v 0.02150000 -0.00584963 -0.00384471
v 0.02150000 -0.00672300 -0.00194969
v 0.02150000 -0.00699900 0.00011857
v 0.02150000 -0.00665310 0.00217629
v 0.02150000 -0.00571605 0.00404064
v 0.02150000 -0.00427110 0.00554596
v 0.02150000 -0.00244665 0.00655850
v 0.02150000 -0.00040479 0.00698829
v 0.02150000 0.00167302 0.00679713
v 0.02150000 0.00360218 0.00600202
v -0.17850000 -0.00517299 -0.00610252
v -0.17850000 -0.00595576 -0.00534130
v -0.17850000 -0.00521129 -0.00467364
v -0.17850000 -0.00662759 -0.00448057
v -0.17850000 -0.00584965 -0.00384474
v -0.17850000 0.00092907 -0.00794590
v -0.17850000 -0.00124915 -0.00790191
v -0.17850000 -0.00064130 -0.00697059
v -0.17850000 -0.00333473 -0.00727187
v -0.17850000 -0.00266741 -0.00647189
v -0.17850000 -0.00445652 -0.00539814
v -0.17850000 0.00303839 -0.00740058
v -0.17850000 0.00144181 -0.00684993
v -0.17850000 -0.00759066 -0.00252633
v -0.17850000 -0.00672302 -0.00194972
v -0.17850000 0.00492235 -0.00630639
v -0.17850000 0.00339679 -0.00612062
v -0.17850000 -0.00799077 -0.00038471
v -0.17850000 -0.00699902 0.00011854
v -0.17850000 0.00796867 -0.00070700
v -0.17850000 0.00690312 -0.00116042
v -0.17850000 0.00693846 0.00092587
v -0.17850000 0.00748243 -0.00283072
v -0.17850000 0.00625440 -0.00314361
v -0.17850000 0.00644125 -0.00474449
v -0.17850000 0.00504995 -0.00484747
v -0.17850000 -0.00779823 0.00178543
v -0.17850000 -0.00665312 0.00217626
v -0.17850000 -0.00573527 0.00557733
v -0.17850000 -0.00427112 0.00554593
v -0.17850000 -0.00571607 0.00404061
v -0.17850000 -0.00702734 0.00382315
v -0.17850000 -0.00401784 0.00691786
v -0.17850000 -0.00200242 0.00774532
v -0.17850000 -0.00244667 0.00655847
v -0.17850000 0.00016150 0.00799834
v -0.17850000 -0.00040482 0.00698826
v -0.17850000 0.00231345 0.00765816
v -0.17850000 0.00167300 0.00679710
v -0.17850000 0.00429380 0.00675001
v -0.17850000 0.00360216 0.00600199
v -0.17850000 0.00595571 0.00534124
v -0.17850000 0.00521124 0.00467358
v -0.17850000 0.00717591 0.00353633
v -0.17850000 0.00635729 0.00292989
v -0.17850000 0.00786391 0.00146914
f 1 2 3
f 4 5 6
f 7 8 9
f 10 11 12
f 13 14 15
f 16 17 18
f 19 20 21
f 22 23 24
f 25 26 27
f 28 29 30
f 31 32 33
f 34 35 36
f 37 38 39
f 40 41 42
f 43 44 45
f 46 47 48
f 49 50 51
f 52 53 54
f 53 55 54
f 56 57 58
f 59 60 61
f 62 63 64
f 65 66 67
f 68 69 70
f 71 72 73
f 74 75 76
f 77 78 79
f 80 81 82
f 83 84 85
f 86 87 88
f 89 90 91
f 92 93 94
f 95 96 97
f 98 99 100
f 101 102 103
f 104 105 106
f 107 108 109
f 110 111 112
f 113 114 115
f 116 117 118
f 119 120 121
f 122 123 124
f 125 126 127
f 128 129 130
f 131 132 133
f 134 135 136
f 137 138 139
f 140 141 142
f 143 144 145
f 146 147 148
f 149 150 151
f 152 153 154
f 155 156 157
f 158 159 160
f 161 162 163
f 162 164 163
f 164 165 163
f 166 167 168
f 169 170 171
f 172 173 174
f 175 176 177
f 178 179 180
f 181 182 183
f 184 185 186
f 187 188 189
f 190 191 192
f 193 194 195
f 196 197 198
f 199 200 201
f 202 203 204
f 205 206 207
f 208 209 210
f 211 212 213
f 214 215 216
f 217 218 219
f 218 217 220
f 221 222 223
f 224 225 226
f 227 228 229
f 230 231 232
f 233 234 235
f 236 237 238
f 239 240 241
f 242 243 244
f 245 246 247
f 248 249 250
f 251 252 253
f 254 246 245
f 255 256 257
f 254 258 259
f 254 259 260
f 259 258 261
f 262 263 264
f 265 266 267
f 259 268 269
f 268 259 270
f 260 259 269
f 271 272 273
f 274 254 260
f 275 276 277
f 278 246 254
f 279 246 278
f 280 281 282
f 283 284 285
f 247 286 287
f 286 247 246
f 288 247 287
f 287 289 288
f 290 288 289
f 288 290 291
f 270 247 291
f 292 270 291
f 293 294 295
f 296 297 298
f 292 299 268
f 268 270 292
f 291 300 292
f 291 247 288
f 286 246 279
f 301 302 303
f 261 270 259
f 247 270 261
f 245 258 254
f 247 261 245
f 304 305 306
f 307 308 309
f 310 311 312
f 313 314 315
f 316 317 318
f 319 320 321
f 322 323 324
f 325 326 327
f 318 325 327
f 328 329 330
f 331 332 333
f 334 335 336
f 316 337 336
f 336 338 316
f 339 340 341
f 316 338 342
f 342 343 316
f 343 342 344
f 342 338 345
f 346 347 348
f 345 344 342
f 326 343 349
f 350 351 352
f 353 354 355
f 356 357 358
f 352 351 326
f 326 349 352
f 326 351 327
f 359 360 361
f 337 361 362
f 337 327 361
f 334 337 362
f 363 364 365
f 366 367 368
f 361 327 359
f 336 337 334
f 327 337 318
f 318 337 316
f 326 325 343
f 325 317 343
f 369 370 371
f 372 373 374
f 375 376 377
f 378 379 380
f 381 382 383
f 384 385 386
f 387 388 389
f 390 391 392
f 393 394 395
f 396 397 398
f 399 400 401
f 402 403 404
f 405 406 407
f 408 409 410
f 411 412 413
f 414 415 416
f 417 418 419
f 420 421 422
f 423 424 425
f 426 427 428
f 429 430 431
f 432 433 434
f 435 436 437
f 431 438 429
f 439 440 441
f 442 443 444
f 445 446 447
f 448 449 450
f 451 452 453
f 454 455 456
f 457 458 459
f 460 461 462
f 463 464 465
f 466 467 468
f 469 470 471
f 472 473 474
f 475 476 477
f 478 479 480
f 481 482 483
f 484 485 486
f 487 488 489
f 490 491 492
f 493 494 495
f 494 496 497
f 498 499 500
f 501 502 503
f 497 495 494
f 496 504 497
f 505 506 507
f 508 509 510
f 510 511 508
f 512 513 514
f 515 516 517
f 518 519 520
f 521 522 523
f 524 525 526
f 527 528 529
f 530 531 532
f 533 534 535
f 536 537 538
f 539 540 541
f 542 543 544
f 545 546 547
f 548 549 550
f 551 552 553
f 554 555 556
f 557 558 559
f 560 561 562
f 563 564 565
f 566 567 568
f 569 570 571
f 572 573 574
f 575 576 577
f 578 579 580
f 581 582 583
f 584 585 586
f 587 588 589
f 590 591 592
f 593 594 595
f 595 596 593
f 596 595 597
f 598 597 599
f 599 600 598
f 593 601 594
f 602 603 601
f 599 604 600
f 603 605 601
f 605 606 601
f 607 608 609
f 608 607 610
f 609 611 607
f 612 613 614
f 615 610 616
f 613 617 614
f 617 618 614
f 609 614 611
f 616 619 615
f 616 620 619
f 621 622 623
f 623 624 621
f 625 626 627
f 628 629 630
f 627 626 631
f 632 633 634
f 635 636 637
f 638 639 640
f 641 642 643
f 644 645 646
f 647 648 649
f 650 648 651
f 652 653 654
f 655 656 657
f 658 659 660
f 661 662 663
f 664 665 666
f 667 668 669
f 670 671 672
f 673 674 675
f 676 677 678
f 679 680 681
f 682 683 684
f 685 686 687
f 688 689 690
f 691 684 683
f 692 693 694
f 695 696 697
f 698 699 700
f 701 702 703
f 704 705 706
f 707 708 698
f 709 708 707
f 700 707 698
f 710 711 712
f 713 714 715
f 715 716 713
f 717 718 719
f 720 721 722
f 723 724 725
f 726 727 728
f 729 730 731
f 732 733 734
f 735 736 737
f 738 739 740
f 741 742 743
f 744 745 746
f 747 748 749
f 750 751 752
f 753 754 755
f 756 757 758
f 759 760 761
f 762 763 764
f 765 766 767
f 768 769 770
f 771 772 773
f 774 775 776
f 777 778 779
f 780 781 782
f 783 784 785
f 786 787 788
f 789 790 791
f 792 793 794
f 795 796 797
f 798 799 800
f 800 801 798
f 801 800 802
f 803 802 804
f 804 805 803
f 798 806 799
f 807 808 806
f 804 809 805
f 808 810 806
f 810 811 806
f 812 813 814
f 813 812 815
f 814 816 812
f 817 818 819
f 820 815 821
f 818 822 819
f 822 823 819
f 814 819 816
f 821 824 820
f 821 825 824
f 826 827 828
f 828 829 826
f 830 831 832
f 833 830 832
f 834 835 836
f 837 838 839
f 840 833 841
f 832 841 833
f 842 843 844
f 845 846 847
f 848 849 850
f 851 852 853
f 854 855 856
f 857 858 859
f 860 861 862
f 863 864 865
f 866 867 868
f 869 870 871
f 872 873 874
f 875 876 877
f 878 879 880
f 881 882 883
f 884 885 886
f 887 888 889
f 890 891 892
f 893 894 895
f 896 897 898
f 899 900 901
f 902 903 904
f 905 906 907
f 908 909 910
f 911 912 913
f 914 915 916
f 917 918 919
f 920 921 922
f 923 924 925
f 926 927 928
f 929 930 931
f 932 933 934
f 935 936 937
f 938 939 940
f 941 942 943
f 938 939 940
f 944 945 946
f 947 948 949
f 950 951 952
f 953 954 955
f 956 957 958
f 959 960 961
f 962 963 964
f 965 966 967
f 968 969 970
f 971 972 969
f 973 974 970
f 970 974 968
f 972 971 975
f 973 970 976
f 969 968 971
f 977 976 972
f 977 978 976
f 976 978 973
f 972 975 977
f 979 980 981
f 982 983 984
f 985 986 987
f 988 989 990
f 991 992 993
f 994 995 996
f 997 998 999
f 1000 1001 1002
f 1003 1004 1005
f 1006 1007 1008
f 1009 1010 1011
f 1012 1013 1014
f 1015 1016 1017
f 1018 1019 1020
f 1019 1021 1022
f 1023 1024 1022
f 1020 1025 1026
f 1021 1023 1022
f 1025 1022 1024
f 1025 1024 1026
f 1019 1022 1020
f 1020 1026 1018
f 1027 1028 1029
f 1030 1031 1032
f 1033 1034 1035
f 1036 1037 1038
f 1039 1040 1041
f 1042 1043 1044
f 1045 1046 1047
f 1048 1049 1050
f 1051 1052 1053
f 1054 1055 1056
f 1057 1058 1059
f 1060 1061 1062
f 1063 1064 1065
f 1066 1067 1068
f 1069 1070 1071
f 1072 1073 1074
f 1075 1076 1077
f 1078 1079 1080
f 1081 1082 1083
f 1084 1085 1086
f 1087 1088 1089
f 1090 1091 1092
f 1093 1094 1095
f 1095 1096 1093
f 1096 1097 1093
f 1097 1098 1093
f 1098 1099 1093
f 1099 1100 1093
f 1100 1101 1093
f 1101 1102 1093
f 1102 1103 1093
f 1103 1104 1093
f 1104 1105 1093
f 1105 1106 1093
f 1106 1107 1093
f 1107 1108 1093
f 1108 1109 1093
f 1109 1110 1093
f 1110 1111 1093
f 1112 1113 1093
f 1113 1114 1093
f 1114 1115 1093
f 1115 1116 1093
f 1116 1117 1093
f 1117 1118 1093
f 1118 1119 1093
f 1119 1120 1093
f 1120 1121 1093
f 1121 1122 1093
f 1122 1094 1093
f 1123 1124 1125
f 1126 1127 1128
f 1129 1130 1131
f 1132 1133 1134
f 1135 1136 1137
f 1138 1139 1140
f 1141 1142 1143
f 1144 1145 1146
f 1147 1148 1149
f 1150 1151 1152
f 1153 1154 1155
f 1156 1157 1158
f 1159 1160 1161
f 1162 1163 1164
f 1165 1166 1167
f 1168 1169 1170
f 1171 1172 1173
f 1174 1175 1176
f 1177 1178 1179
f 1180 1181 1182
f 1183 1184 1185
f 1186 1187 1188
f 1189 1190 1191
f 1192 1193 1194
f 1195 1196 1197
f 1198 1199 1200
f 1201 1202 1203
f 1204 1205 1206
f 1207 1208 1209
f 1210 1211 1212
f 1212 1213 1210
f 1209 1214 1207
f 1206 1215 1204
f 1203 1216 1201
f 1200 1217 1198
f 1197 1218 1195
f 1194 1219 1192
f 1191 1220 1189
f 1188 1221 1186
f 1185 1222 1183
f 1182 1223 1180
f 1179 1224 1177
f 1176 1225 1174
f 1173 1226 1171
f 1170 1227 1168
f 1167 1228 1165
f 1164 1229 1162
f 1161 1230 1159
f 1158 1231 1156
f 1155 1232 1153
f 1152 1233 1150
f 1149 1234 1147
f 1146 1235 1144
f 1143 1236 1141
f 1140 1237 1138
f 1137 1238 1135
f 1134 1239 1132
f 1131 1240 1129
f 1128 1241 1126
f 1125 1242 1123
f 1243 1244 1245
f 1246 1247 1248
f 1249 1250 1251
f 1252 1253 1254
f 1255 1256 1257
f 1258 1259 1260
f 1261 1262 1263
f 1264 1265 1266
f 1267 1268 1269
f 1270 1271 1272
f 1273 1274 1275
f 1276 1277 1278
f 1279 1280 1281
f 1282 1283 1284
f 1285 1286 1287
f 1288 1289 1290
f 1291 1292 1293
f 1294 1295 1296
f 1297 1298 1299
f 1300 1301 1302
f 1303 1304 1305
f 1306 1307 1308
f 1309 1310 1311
f 1312 1313 1314
f 1315 1316 1317
f 1318 1319 1320
f 1321 1322 1323
f 1324 1325 1326
f 1327 1328 1329
f 1330 1331 1332
f 1333 1334 1335
f 1336 1337 1338
f 1339 1340 1341
f 1342 1343 1344
f 1345 1346 1347
f 1348 1349 1350
f 1351 1352 1353
f 1354 1355 1356
f 1357 1358 1359
f 1360 1361 1362
f 1363 1364 1365
f 1366 1367 1368
f 1369 1370 1371
f 1372 1373 1374
f 1375 1376 1377
f 1378 1379 1380
f 1381 1382 1383
f 1384 1385 1386
f 1387 1388 1389
f 1390 1391 1392
f 1393 1394 1395
f 1396 1397 1398
f 1399 1400 1401
f 1402 1403 1404
f 1405 1406 1407
f 1408 1409 1410
f 1411 1412 1413
f 1414 1415 1416
f 1417 1418 1419
f 1420 1421 1422
f 1423 1424 1425
f 1426 1424 1427
f 1428 1429 1430
f 1426 1425 1424
f 1431 1429 1432
f 1426 1427 1433
f 1433 1428 1430
f 1431 1430 1429
f 1431 1432 1434
f 1434 1423 1425
f 1430 1426 1433
f 1425 1431 1434
f 1435 1436 1437
f 1438 1439 1440
f 1441 1442 1443
f 1444 1445 1446
f 1447 1448 1449
f 1450 1451 1452
f 1453 1454 1455
f 1456 1457 1458
f 1459 1460 1461
f 1462 1463 1464
f 1465 1466 1467
f 1468 1469 1470
f 1471 1472 1473
f 1474 1475 1472
f 1476 1475 1477
f 1478 1479 1480
f 1481 1482 1483
f 1484 1485 1486
f 1487 1488 1489
f 1490 1491 1492
f 1493 1494 1495
f 1496 1497 1498
f 1499 1500 1501
f 1502 1503 1504
f 1505 1506 1507
f 1508 1505 1507
f 1509 1510 1511
f 1512 1513 1514
f 1515 1516 1517
f 1518 1519 1520
f 1521 1522 1523
f 1524 1525 1526
f 1527 1528 1529
f 1530 1531 1532
f 1533 1534 1535
f 1536 1537 1534
f 1538 1539 1535
f 1535 1539 1533
f 1537 1536 1540
f 1538 1535 1541
f 1534 1533 1536
f 1542 1541 1537
f 1542 1543 1541
f 1537 1540 1542
f 1541 1543 1538
f 1544 1545 1546
f 1547 1548 1549
f 1550 1551 1552
f 1553 1554 1555
f 1556 1557 1558
f 1559 1560 1561
f 1562 1563 1564
f 1565 1566 1567
f 1568 1569 1570
f 1571 1572 1573
f 1574 1575 1576
f 1577 1578 1579
f 1580 1581 1582
f 1583 1584 1585
f 1586 1587 1588
f 1589 1588 1590
f 1591 1592 1593
f 1592 1594 1593
f 1588 1595 1586
f 1588 1587 1590
f 1590 1596 1589
f 1593 1589 1591
f 1595 1593 1594
f 1596 1591 1589
f 1595 1594 1586
f 1597 1598 1599
f 1600 1601 1602
f 1603 1604 1605
f 1606 1607 1608
f 1609 1610 1611
f 1612 1613 1614
f 1615 1616 1617
f 1618 1619 1617
f 1617 1619 1620
f 1615 1621 1616
f 1617 1622 1618
f 1617 1623 1615
f 1617 1620 1623
f 1621 1622 1616
f 1621 1624 1622
f 1622 1624 1618
f 1625 1626 1627
f 1628 1629 1630
f 1631 1632 1633
f 1634 1635 1636
f 1637 1638 1639
f 1640 1641 1642
f 1643 1644 1645
f 1646 1647 1648
f 1649 1650 1651
f 1652 1653 1654
f 1655 1656 1657
f 1658 1659 1660
f 1661 1662 1663
f 1664 1665 1666
f 1665 1667 1668
f 1669 1670 1668
f 1669 1671 1670
f 1666 1670 1672
f 1667 1669 1668
f 1670 1671 1672
f 1666 1672 1664
f 1668 1666 1665
f 1673 1674 1675
f 1676 1677 1678
f 1679 1680 1681
f 1682 1683 1684
f 1685 1686 1687
f 1688 1689 1690
f 1691 1692 1693
f 1694 1695 1696
f 1697 1698 1699
f 1700 1701 1702
f 1703 1704 1705
f 1706 1707 1708
f 1709 1710 1711
f 1712 1713 1714
f 1715 1716 1717
f 1718 1719 1720
f 1721 1722 1723
f 1724 1725 1726
f 1727 1728 1729
f 1730 1731 1732
f 1733 1734 1735
f 1736 1737 1738
f 1739 1740 1741
f 1742 1743 1744
f 1745 1746 1747
f 1748 1749 1750
f 1751 1752 1753
f 1754 1755 1756
f 1757 1758 1759
f 1760 1761 1762
f 1763 1764 1765
f 1766 1767 1768
f 1769 1770 1771
f 1772 1773 1774
f 1775 1776 1777
f 1778 1779 1780
f 1781 1782 1783
f 1784 1785 1786
f 1787 1788 1789
f 1790 1791 1792
f 1793 1794 1795
f 1796 1797 1798
f 1799 1800 1801
f 1802 1803 1804
f 1805 1806 1807
f 1808 1809 1810
f 1811 1812 1813
f 1814 1815 1816
f 1817 1818 1819
f 1820 1821 1822
f 1823 1824 1825
f 1826 1827 1828
f 1829 1830 1831
f 1832 1833 1834
f 1835 1836 1837
f 1838 1839 1840
f 1841 1842 1843
f 1844 1845 1846
f 1847 1848 1849
f 1850 1851 1852
f 1853 1854 1855
f 1856 1857 1858
f 1859 1860 1861
f 1862 1863 1864
f 1865 1866 1867
f 1868 1869 1870
f 1871 1872 1873
f 1874 1875 1876
f 1877 1878 1879
f 1880 1881 1882
f 1883 1884 1885
f 1886 1887 1888
f 1889 1890 1887
f 1891 1886 1888
f 1890 1889 1892
f 1887 1886 1893
f 1894 1888 1895
f 1887 1893 1889
f 1896 1895 1890
f 1896 1894 1895
f 1894 1891 1888
f 1890 1892 1896
f 1897 1898 1899
f 1900 1901 1902
f 1903 1904 1905
f 1906 1907 1908
f 1909 1910 1911
f 1912 1913 1914
f 1915 1916 1917
f 1918 1919 1920
f 1921 1922 1923
f 1924 1925 1926
f 1927 1928 1929
f 1930 1931 1932
f 1933 1934 1935
f 1936 1937 1938
f 1939 1938 1940
f 1941 1942 1943
f 1942 1940 1943
f 1942 1939 1940
f 1938 1939 1944
f 1943 1938 1937
f 1938 1944 1936
f 1943 1937 1941
f 1945 1946 1947
f 1948 1949 1950
f 1951 1952 1953
f 1954 1955 1956
f 1957 1958 1959
f 1960 1961 1962
f 1963 1964 1965
f 1966 1967 1968
f 1969 1970 1971
f 1972 1973 1974
f 1975 1976 1977
f 1978 1979 1980
f 1981 1982 1983
f 1984 1985 1986
f 1987 1988 1989
f 1990 1991 1992
f 1993 1994 1995
f 1996 1997 1998
f 1999 2000 2001
f 2002 2003 2004
f 2005 2006 2007
f 2008 2009 2010
f 2011 2012 2013
f 2014 2015 2016
f 2017 2018 2019
f 2020 2021 2022
f 2023 2024 2025
f 2026 2027 2028
f 2029 2030 2031
f 2032 2033 2034
f 2035 2036 2037
f 2038 2039 2040
f 2041 2042 2043
f 2044 2045 2046
f 2047 2048 2049
f 2050 2051 2052
f 2053 2054 2055
f 2056 2057 2058
f 2059 2060 2061
f 2062 2063 2064
f 2065 2066 2067
f 2068 2069 2070
f 2071 2072 2073
f 2074 2075 2076
f 2077 2078 2079
f 2080 2081 2082
f 2083 2084 2085
f 2086 2087 2088
f 2089 2090 2091
f 2092 2093 2094
f 2095 2096 2097
f 2098 2099 2100
f 2101 2102 2103
f 2104 2105 2106
f 2107 2108 2109
f 2110 2111 2112
f 2113 2114 2115
f 2116 2117 2118
f 2119 2120 2121
f 2122 2123 2124
f 2125 2126 2127
f 2128 2129 2130
f 2131 2132 2133
f 2134 2135 2136
f 2137 2138 2139
f 2140 2141 2142
f 2143 2144 2145
f 2146 2147 2148
f 2149 2150 2151
f 2152 2153 2154
f 2155 2156 2157
f 2158 2159 2160
f 2161 2162 2163
f 2164 2165 2166
f 2167 2168 2169
f 2170 2171 2172
f 2173 2174 2175
f 2176 2177 2178
f 2179 2180 2181
f 2182 2183 2184
f 2185 2186 2187
f 2188 2189 2190
f 2191 2192 2193
f 2194 2195 2196
f 2197 2198 2199
f 2200 2201 2202
f 2203 2204 2205
f 2206 2207 2208
f 2209 2210 2211
f 2212 2213 2214
f 2215 2216 2217
f 2218 2219 2220
f 2221 2222 2223
f 2224 2225 2226
f 2227 2228 2229
f 2230 2231 2232
f 2233 2234 2235
f 2236 2237 2238
f 2239 2240 2241
f 2242 2243 2244
f 2245 2246 2247
f 2248 2249 2250
f 2251 2252 2253
f 2254 2255 2256
f 2257 2258 2259
f 2260 2261 2262
f 2263 2264 2265
f 2266 2267 2268
f 2269 2270 2271
f 2272 2273 2274
f 2275 2276 2277
f 2278 2279 2280
f 2281 2282 2283
f 2284 2285 2286
f 2287 2288 2289
f 2290 2291 2292
f 2293 2294 2295
f 2296 2297 2298
f 2299 2300 2301
f 2302 2303 2304
f 2305 2306 2307
f 2308 2309 2310
f 2311 2312 2313
f 2314 2315 2316
f 2317 2318 2319
f 2320 2321 2322
f 2323 2324 2325
f 2326 2327 2328
f 2329 2330 2331
f 2332 2333 2334
f 2335 2336 2337
f 2338 2339 2340
f 2341 2342 2343
f 2344 2345 2346
f 2347 2348 2349
f 2350 2351 2352
f 2353 2354 2355
f 2356 2357 2358
f 2359 2360 2361
f 2362 2363 2364
f 2365 2366 2367
f 2368 2369 2370
f 2371 2372 2373
f 2374 2375 2376
f 2377 2378 2379
f 2380 2381 2382
f 2383 2384 2385
f 2386 2387 2388
f 2389 2390 2391
f 2392 2393 2394
f 2395 2396 2397
f 2398 2399 2400
f 2391 2401 2389
f 2402 2403 2404
f 2405 2406 2407
f 2398 2408 2399
f 2409 2410 2411
f 2412 2413 2414
f 2400 2415 2398
f 2389 2416 2390
f 2417 2418 2419
f 2420 2421 2422
f 2423 2424 2425
f 2426 2427 2428
f 2429 2430 2431
f 2432 2433 2434
f 2435 2436 2437
f 2438 2439 2440
f 2422 2441 2420
f 2442 2443 2444
f 2445 2446 2447
f 2448 2449 2450
f 2437 2451 2435
f 2452 2453 2454
f 2455 2456 2457
f 2458 2459 2460
f 2461 2462 2463
f 2464 2465 2466
f 2467 2468 2469
f 2470 2471 2472
f 2473 2474 2475
f 2476 2477 2478
f 2479 2480 2481
f 2482 2483 2484
f 2485 2486 2487
f 2488 2489 2490
f 2491 2492 2493
f 2494 2495 2496
f 2497 2498 2499
f 2500 2501 2502
f 2503 2504 2505
f 2506 2507 2463
f 2508 2509 2510
f 2511 2512 2484
f 2513 2514 2515
f 2516 2517 2518
f 2519 2520 2521
f 2522 2523 2524
f 2525 2526 2527
f 2528 2529 2530
f 2531 2532 2533
f 2534 2535 2536
f 2537 2538 2539
f 2540 2541 2542
f 2543 2544 2545
f 2546 2547 2548
f 2549 2550 2551
f 2552 2553 2554
f 2555 2556 2557
f 2558 2559 2560
f 2561 2562 2563
f 2564 2565 2566
f 2567 2568 2569
f 2570 2571 2572
f 2573 2574 2575
f 2576 2577 2578
f 2579 2580 2581
f 2582 2583 2584
f 2585 2586 2587
f 2588 2589 2590
f 2591 2592 2593
f 2594 2595 2596
f 2597 2598 2599
f 2600 2601 2602
f 2603 2604 2605
f 2606 2607 2608
f 2609 2610 2611
f 2612 2613 2614
f 2615 2616 2617
f 2618 2619 2620
f 2621 2622 2623
f 2624 2625 2626
f 2627 2628 2629
f 2630 2631 2632
f 2633 2634 2635
f 2636 2637 2638
f 2639 2640 2641
f 2642 2643 2644
f 2645 2646 2647
f 2648 2649 2650
f 2651 2652 2653
f 2654 2655 2656
f 2657 2658 2659
f 2660 2661 2662
f 2663 2664 2665
f 2666 2667 2668
f 2669 2670 2671
f 2672 2673 2674
f 2675 2676 2677
f 2678 2679 2680
f 2681 2682 2683
f 2684 2685 2686
f 2687 2688 2689
f 2690 2691 2692
f 2693 2694 2695
f 2696 2697 2698
f 2699 2700 2701
f 2702 2703 2704
f 2705 2706 2707
f 2708 2709 2710
f 2711 2712 2713
f 2714 2715 2716
f 2717 2718 2719
f 2720 2721 2722
f 2723 2724 2725
f 2726 2727 2728
f 2729 2730 2731
f 2732 2733 2734
f 2735 2736 2737
f 2738 2739 2740
f 2741 2742 2743
f 2744 2745 2746
f 2747 2748 2749
f 2750 2751 2752
f 2753 2754 2755
f 2756 2757 2758
f 2759 2760 2761
f 2762 2763 2764
f 2765 2766 2767
f 2768 2769 2770
f 2771 2772 2773
f 2774 2775 2776
f 2777 2778 2779
f 2780 2781 2782
f 2783 2784 2785
f 2786 2787 2788
f 2789 2790 2791
f 2792 2793 2794
f 2795 2796 2797
f 2798 2799 2800
f 2801 2802 2803
f 2804 2805 2806
f 2807 2808 2809
f 2810 2811 2812
f 2813 2814 2815
f 2816 2817 2818
f 2819 2820 2821
f 2822 2823 2824
f 2825 2826 2827
f 2828 2829 2830
f 2831 2832 2833
f 2834 2835 2836
f 2837 2838 2839
f 2840 2841 2842
f 2843 2844 2845
f 2846 2847 2848
f 2849 2850 2851
f 2852 2853 2854
f 2855 2856 2857
f 2858 2859 2860
f 2861 2862 2863
f 2864 2865 2866
f 2867 2868 2869
f 2870 2871 2872
f 2873 2874 2875
f 2876 2877 2878
f 2879 2880 2881
f 2882 2883 2884
f 2885 2886 2887
f 2888 2889 2890
f 2891 2892 2893
f 2894 2895 2896
f 2897 2898 2899
f 2900 2901 2902
f 2903 2904 2905
f 2906 2907 2908
f 2909 2910 2911
f 2912 2913 2914
f 2915 2916 2917
f 2918 2919 2920
f 2921 2922 2923
f 2924 2925 2926
f 2927 2928 2929
f 2930 2931 2932
f 2933 2934 2935
f 2936 2937 2938
f 2939 2940 2941
f 2942 2943 2944
f 2945 2946 2947
f 2948 2949 2950
f 2951 2952 2953
f 2954 2955 2956
f 2957 2958 2959
f 2960 2961 2962
f 2963 2964 2965
f 2966 2967 2968
f 2969 2970 2971
f 2972 2973 2974
f 2975 2976 2977
f 2978 2979 2980
f 2981 2982 2983
f 2984 2985 2986
f 2987 2988 2989
f 2990 2991 2992
f 2993 2994 2995
f 2996 2997 2998
f 2999 3000 3001
f 3002 3003 3004
f 3005 3006 3007
f 3008 3009 3010
f 3011 3012 3013
f 3014 3015 3016
f 3017 3018 3019
f 3020 3021 3022
f 3023 3024 3025
f 3026 3027 3028
f 3029 3030 3031
f 3032 3033 3034
f 3035 3036 3037
f 3038 3039 3040
f 3041 3042 3043
f 3044 3045 3046
f 3047 3048 3049
f 3050 3051 3052
f 3053 3054 3055
f 3056 3057 3058
f 3059 3060 3061
f 3062 3063 3064
f 3065 3066 3067
f 3068 3069 3070
f 3071 3072 3073
f 3074 3075 3076
f 3077 3078 3079
f 3080 3081 3082
f 3083 3084 3085
f 3086 3087 3088
f 3089 3090 3091
f 3092 3093 3094
f 3095 3096 3097
f 3098 3099 3100
f 3101 3102 3103
f 3104 3105 3106
f 3107 3108 3109
f 3110 3111 3112
f 3113 3114 3115
f 3116 3117 3118
f 3119 3120 3121
f 3122 3123 3124
f 3125 3126 3127
f 3128 3129 3130
f 3131 3132 3133
f 3134 3135 3136
f 3137 3138 3139
f 3140 3141 3142
f 3143 3144 3145
f 3146 3147 3148
f 3149 3150 3151
f 3152 3153 3154
f 3155 3156 3157
f 3158 3159 3160
f 3161 3162 3163
f 3164 3165 3166
f 3167 3168 3169
f 3170 3171 3172
f 3173 3174 3175
f 3176 3177 3178
f 3179 3180 3181
f 3182 3183 3184
f 3185 3186 3187
f 3188 3189 3190
f 3191 3192 3193
f 3194 3195 3196
f 3197 3198 3199
f 3200 3201 3202
f 3203 3204 3205
f 3206 3207 3208
f 3209 3210 3211
f 3212 3213 3214
f 3215 3216 3217
f 3218 3219 3220
f 3221 3222 3223
f 3224 3225 3226
f 3227 3228 3229
f 3230 3231 3232
f 3233 3234 3235
f 3236 3237 3238
f 3239 3240 3241
f 3242 3243 3244
f 3245 3246 3247
f 3248 3249 3250
f 3251 3252 3253
f 3254 3255 3256
f 3257 3258 3259
f 3260 3261 3262
f 3263 3264 3265
f 3266 3267 3268
f 3269 3270 3271
f 3272 3273 3274
f 3275 3276 3277
f 3278 3279 3280
f 3281 3282 3283
f 3284 3285 3286
f 3287 3288 3289
f 3290 3291 3292
f 3293 3294 3295
f 3296 3297 3298
f 3299 3300 3301
f 3302 3303 3304
f 3305 3306 3307
f 3308 3309 3310
f 3311 3312 3313
f 3314 3315 3316
f 3317 3318 3319
f 3320 3321 3322
f 3323 3324 3325
f 3326 3327 3328
f 3329 3330 3331
f 3332 3333 3334
f 3335 3336 3337
f 3338 3339 3340
f 3341 3342 3343
f 3344 3345 3346
f 3347 3348 3349
f 3350 3351 3352
f 3353 3354 3355
f 3356 3357 3358
f 3359 3360 3361
f 3362 3363 3364
f 3365 3366 3367
f 3368 3369 3370
f 3371 3372 3373
f 3374 3375 3376
f 3377 3378 3379
f 3380 3381 3382
f 3383 3384 3385
f 3386 3387 3388
f 3389 3390 3391
f 3392 3393 3394
f 3395 3396 3397
f 3398 3399 3400
f 3401 3402 3403
f 3404 3405 3406
f 3407 3408 3409
f 3410 3411 3412
f 3413 3414 3415
f 3416 3417 3418
f 3419 3420 3421
f 3422 3423 3424
f 3425 3426 3427
f 3428 3429 3430
f 3431 3432 3433
f 3434 3435 3436
f 3437 3438 3439
f 3440 3441 3442
f 3443 3444 3445
f 3446 3447 3448
f 3449 3450 3451
f 3452 3453 3454
f 3455 3456 3457
f 3458 3459 3460
f 3461 3462 3463
f 3464 3465 3466
f 3467 3468 3469
f 3470 3471 3472
f 3473 3474 3475
f 3476 3477 3478
f 3479 3480 3481
f 3482 3483 3484
f 3485 3486 3487
f 3488 3489 3490
f 3491 3492 3493
f 3494 3495 3496
f 3497 3498 3499
f 3500 3501 3502
f 3503 3504 3505
f 3506 3507 3508
f 3509 3510 3511
f 3512 3513 3514
f 3515 3516 3517
f 3518 3519 3520
f 3521 3522 3523
f 3524 3525 3526
f 3527 3528 3529
f 3530 3531 3532
f 3533 3534 3535
f 3536 3537 3538
f 3539 3540 3541
f 3542 3543 3544
f 3545 3546 3547
f 3548 3549 3550
f 3551 3552 3553
f 3554 3555 3556
f 3557 3558 3559
f 3560 3561 3562
f 3563 3564 3565
f 3566 3567 3568
f 3569 3570 3571
f 3572 3573 3574
f 3575 3576 3577
f 3578 3579 3580
f 3581 3582 3583
f 3584 3585 3586
f 3587 3588 3589
f 3590 3591 3592
f 3593 3594 3595
f 3596 3594 3593
f 3597 3598 3599
f 3600 3601 3602
f 3603 3604 3605
f 3606 3607 3608
f 3609 3610 3611
f 3612 3613 3614
f 3615 3616 3617
f 3618 3619 3620
f 3621 3622 3623
f 3624 3625 3626
f 3627 3628 3629
f 3630 3631 3632
f 3633 3634 3635
f 3636 3637 3638
f 3639 3640 3641
f 3642 3643 3644
f 3645 3646 3647
f 3648 3649 3650
f 3645 3646 3647
f 3651 3652 3653
f 3654 3655 3656
f 3657 3658 3659
f 3660 3661 3662
f 3663 3664 3665
f 3666 3667 3668
f 3669 3670 3671
f 3672 3673 3674
f 3675 3676 3677
f 3678 3679 3680
f 3681 3682 3680
f 3680 3682 3683
f 3679 3678 3684
f 3680 3685 3681
f 3686 3679 3684
f 3680 3683 3678
f 3687 3688 3685
f 3685 3688 3681
f 3685 3686 3687
f 3686 3684 3687
f 3689 3690 3691
f 3692 3693 3694
f 3695 3696 3697
f 3698 3699 3700
f 3701 3702 3703
f 3704 3705 3706
f 3707 3708 3709
f 3710 3711 3712
f 3713 3714 3715
f 3716 3717 3718
f 3719 3720 3721
f 3722 3723 3724
f 3725 3726 3727
f 3728 3729 3730
f 3729 3731 3730
f 3730 3732 3728
f 3733 3734 3735
f 3732 3736 3737
f 3735 3730 3731
f 3731 3733 3735
f 3736 3734 3737
f 3736 3735 3734
f 3732 3737 3728
f 3738 3739 3740
f 3741 3742 3743
f 3744 3745 3746
f 3747 3748 3749
f 3750 3751 3752
f 3753 3754 3755
f 3756 3757 3758
f 3759 3760 3761
f 3762 3763 3764
f 3765 3766 3767
f 3768 3769 3770
f 3771 3772 3773
f 3774 3775 3776
f 3777 3776 3778
f 3778 3776 3775
f 3779 3780 3775
f 3780 3779 3781
f 3782 3783 3784
f 3785 3786 3787
f 3788 3789 3790
f 3791 3792 3793
f 3778 3794 3777
f 3781 3787 3780
f 3774 3779 3775
f 3795 3796 3797
f 3798 3799 3800
f 3801 3802 3803
f 3804 3805 3806
f 3807 3808 3809
f 3810 3811 3812
f 3813 3814 3815
f 3816 3817 3818
f 3819 3820 3821
f 3822 3823 3824
f 3825 3826 3827
f 3828 3829 3830
f 3831 3832 3833
f 3834 3835 3836
f 3837 3838 3839
f 3840 3841 3842
f 3843 3844 3845
f 3846 3847 3848
f 3849 3850 3851
f 3852 3853 3854
f 3855 3856 3857
f 3858 3859 3860
f 3861 3862 3863
f 3864 3865 3866
f 3867 3868 3869
f 3870 3871 3872
f 3873 3874 3875
f 3876 3877 3878
f 3879 3880 3881
f 3882 3883 3884
f 3885 3886 3887
f 3888 3889 3890
f 3891 3892 3893
f 3894 3895 3896
f 3897 3898 3899
f 3900 3901 3902
f 3903 3904 3905
f 3906 3907 3908
f 3909 3910 3911
f 3912 3913 3914
f 3915 3916 3917
f 3918 3919 3920
f 3921 3922 3923
f 3924 3925 3926
f 3927 3928 3929
f 3930 3931 3932
f 3933 3934 3935
f 3936 3937 3938
f 3939 3940 3941
f 3942 3943 3944
f 3945 3946 3947
f 3948 3949 3950
f 3951 3952 3953
f 3954 3955 3956
f 3957 3958 3959
f 3960 3961 3962
f 3963 3964 3965
f 3966 3967 3968
f 3969 3970 3971
f 3972 3973 3974
f 3975 3976 3977
f 3978 3979 3980
f 3981 3982 3983
f 3984 3985 3986
f 3987 3988 3989
f 3990 3991 3992
f 3993 3994 3995
f 3996 3997 3998
f 3999 4000 4001
f 4002 4003 4004
f 4005 4006 4007
f 4008 4009 4010
f 4011 4012 4013
f 4014 4015 4016
f 4017 4018 4019
f 4020 4021 4022
f 4023 4024 4025
f 4026 4027 4028
f 4029 4030 4031
f 4032 4033 4034
f 4035 4036 4037
f 4038 4039 4040
f 4041 4042 4043
f 4044 4045 4046
f 4047 4048 4049
f 4050 4051 4052
f 4053 4054 4055
f 4056 4057 4058
f 4059 4060 4061
f 4062 4063 4064
f 4065 4066 4067
f 4068 4069 4070
f 4071 4072 4073
f 4074 4075 4076
f 4077 4078 4079
f 4080 4081 4082
f 4083 4084 4085
f 4086 4087 4088
f 4089 4090 4091
f 4092 4093 4094
f 4095 4096 4097
f 4098 4099 4100
f 4101 4102 4103
f 4104 4105 4106
f 4101 4102 4103
f 4104 4105 4106
f 4107 4108 4109
f 4110 4111 4112
f 4113 4114 4115
f 4116 4117 4118
f 4119 4120 4121
f 4122 4123 4124
f 4125 4126 4127
f 4128 4129 4130
f 4131 4132 4133
f 4134 4135 4136
f 4137 4138 4139
f 4140 4141 4142
f 4143 4144 4145
f 4146 4147 4148
f 4149 4150 4151
f 4152 4153 4154
f 4155 4156 4157
f 4158 4159 4160
f 4161 4162 4163
f 4164 4165 4166
f 4167 4168 4169
f 4170 4171 4172
f 4173 4174 4175
f 4176 4177 4178
f 4179 4180 4181
f 4182 4183 4184
f 4185 4186 4187
f 4188 4189 4190
f 4191 4192 4193
f 4194 4195 4196
f 4197 4198 4199
f 4200 4201 4202
f 4199 4197 4198
f 4202 4200 4201
f 4203 4204 4205
f 4206 4207 4208
f 4209 4210 4211
f 4212 4213 4214
f 4215 4216 4217
f 4218 4219 4220
f 4221 4222 4223
f 4224 4225 4226
f 4227 4228 4229
f 4230 4231 4232
f 4233 4234 4235
f 4236 4237 4238
f 4239 4240 4241
f 4242 4243 4244
f 4245 4246 4247
f 4248 4249 4250
f 4251 4252 4253
f 4254 4255 4256
f 4257 4258 4259
f 4260 4261 4262
f 4263 4264 4265
f 4266 4267 4268
f 4269 4270 4271
f 4272 4273 4274
f 4275 4276 4277
f 4278 4279 4280
f 4281 4282 4283
f 4284 4285 4286
f 4287 4288 4289
f 4290 4291 4292
f 4293 4294 4295
f 4296 4297 4298
f 4299 4300 4301
f 4302 4303 4304
f 4305 4306 4307
f 4308 4309 4310
f 4311 4312 4313
f 4314 4315 4316
f 4317 4318 4319
f 4320 4321 4322
f 4323 4324 4325
f 4326 4327 4328
f 4329 4330 4331
f 4332 4333 4334
f 4335 4336 4337
f 4338 4339 4340
f 4341 4342 4343
f 4344 4345 4346
f 4347 4348 4349
f 4350 4351 4352
f 4353 4354 4351
f 4355 4350 4352
f 4354 4353 4356
f 4351 4350 4357
f 4358 4352 4359
f 4351 4357 4353
f 4360 4359 4354
f 4360 4358 4359
f 4358 4355 4352
f 4354 4356 4360
f 4361 4362 4363
f 4364 4365 4366
f 4367 4368 4369
f 4370 4371 4372
f 4373 4374 4375
f 4376 4377 4378
f 4379 4380 4381
f 4382 4383 4384
f 4385 4386 4387
f 4388 4389 4390
f 4391 4392 4393
f 4394 4395 4396
f 4397 4398 4399
f 4400 4401 4402
f 4403 4402 4404
f 4405 4406 4407
f 4406 4404 4407
f 4406 4403 4404
f 4402 4403 4408
f 4407 4402 4401
f 4402 4408 4400
f 4407 4401 4405
f 4409 4410 4411
f 4412 4413 4414
f 4413 4415 4414
f 4416 4417 4418
f 4419 4420 4421
f 4422 4423 4424
f 4425 4426 4427
f 4428 4429 4430
f 4431 4432 4433
f 4434 4435 4436
f 4437 4438 4439
f 4440 4441 4442
f 4443 4444 4445
f 4446 4447 4448
f 4449 4450 4451
f 4452 4453 4454
f 4455 4456 4457
f 4458 4459 4460
f 4461 4462 4463
f 4464 4465 4466
f 4467 4468 4469
f 4470 4471 4472
f 4473 4474 4475
f 4476 4477 4478
f 4479 4480 4481
f 4482 4483 4484
f 4485 4486 4487
f 4488 4489 4490
f 4491 4492 4493
f 4494 4495 4496
f 4497 4498 4499
f 4500 4501 4502
f 4503 4504 4505
f 4506 4507 4508
f 4509 4510 4511
f 4512 4513 4514
f 4514 4515 4512
f 4516 4517 4518
f 4519 4520 4521
f 4522 4523 4524
f 4525 4526 4527
f 4528 4529 4530
f 4531 4532 4533
f 4534 4535 4536
f 4537 4538 4539
f 4540 4541 4542
f 4543 4544 4545
f 4546 4547 4548
f 4549 4550 4551
f 4552 4553 4554
f 4555 4556 4557
f 4558 4559 4560
f 4561 4562 4563
f 4564 4565 4566
f 4567 4568 4569
f 4570 4571 4572
f 4573 4574 4575
f 4576 4577 4578
f 4579 4580 4581
f 4582 4583 4584
f 4585 4586 4587
f 4588 4589 4586
f 4590 4591 4587
f 4587 4591 4585
f 4589 4588 4592
f 4590 4587 4593
f 4586 4585 4588
f 4594 4593 4589
f 4594 4595 4593
f 4589 4592 4594
f 4593 4595 4590
f 4596 4597 4598
f 4599 4600 4601
f 4602 4603 4604
f 4605 4606 4607
f 4608 4609 4610
f 4611 4612 4613
f 4614 4615 4616
f 4617 4618 4619
f 4620 4621 4622
f 4623 4624 4625
f 4626 4627 4628
f 4629 4630 4631
f 4632 4633 4634
f 4635 4636 4637
f 4638 4639 4640
f 4641 4640 4642
f 4643 4644 4645
f 4644 4646 4645
f 4640 4647 4638
f 4640 4639 4642
f 4642 4648 4641
f 4645 4641 4643
f 4647 4645 4646
f 4648 4643 4641
f 4647 4646 4638
f 4649 4650 4651
f 4652 4653 4654
f 4655 4656 4657
f 4658 4659 4660
f 4661 4662 4663
f 4663 4664 4661
f 4664 4665 4661
f 4665 4666 4661
f 4666 4667 4661
f 4667 4668 4661
f 4668 4669 4661
f 4669 4670 4661
f 4670 4671 4661
f 4671 4672 4661
f 4672 4673 4661
f 4673 4674 4661
f 4674 4675 4661
f 4675 4676 4661
f 4676 4677 4661
f 4677 4678 4661
f 4678 4679 4661
f 4679 4680 4661
f 4680 4681 4661
f 4681 4682 4661
f 4682 4683 4661
f 4683 4684 4661
f 4684 4685 4661
f 4685 4686 4661
f 4686 4687 4661
f 4687 4688 4661
f 4688 4689 4661
f 4690 4662 4661
f 4691 4692 4693
f 4694 4695 4696
f 4697 4698 4699
f 4700 4701 4702
f 4703 4704 4705
f 4706 4707 4708
f 4709 4710 4711
f 4712 4713 4714
f 4715 4716 4717
f 4718 4719 4720
f 4721 4722 4723
f 4724 4725 4726
f 4727 4728 4729
f 4730 4731 4732
f 4733 4734 4735
f 4736 4737 4738
f 4739 4740 4741
f 4742 4743 4744
f 4745 4746 4747
f 4748 4749 4750
f 4751 4752 4753
f 4754 4755 4756
f 4757 4758 4759
f 4760 4761 4762
f 4763 4764 4765
f 4766 4767 4768
f 4769 4770 4771
f 4772 4773 4774
f 4775 4776 4777
f 4778 4779 4780
f 4780 4781 4778
f 4777 4782 4775
f 4774 4783 4772
f 4771 4784 4769
f 4768 4785 4766
f 4765 4786 4763
f 4762 4787 4760
f 4759 4788 4757
f 4756 4789 4754
f 4753 4790 4751
f 4750 4791 4748
f 4747 4792 4745
f 4744 4793 4742
f 4741 4794 4739
f 4738 4795 4736
f 4735 4796 4733
f 4732 4797 4730
f 4729 4798 4727
f 4726 4799 4724
f 4723 4800 4721
f 4720 4801 4718
f 4717 4802 4715
f 4714 4803 4712
f 4711 4804 4709
f 4708 4805 4706
f 4705 4806 4703
f 4702 4807 4700
f 4699 4808 4697
f 4696 4809 4694
f 4693 4810 4691
f 4811 4812 4813
f 4814 4815 4816
f 4817 4818 4819
f 4820 4821 4822
f 4823 4824 4825
f 4826 4827 4828
f 4829 4830 4831
f 4832 4833 4834
f 4835 4836 4837
f 4838 4839 4840
f 4841 4842 4843
f 4844 4845 4846
f 4847 4848 4849
f 4850 4851 4852
f 4853 4854 4855
f 4856 4857 4858
f 4859 4860 4861
f 4862 4863 4864
f 4865 4866 4867
f 4868 4869 4870
f 4871 4872 4873
f 4873 4874 4871
f 4875 4876 4877
f 4878 4879 4880
f 4881 4882 4883
f 4884 4885 4886
f 4887 4888 4889
f 4890 4891 4892
f 4893 4894 4895
f 4896 4897 4898
f 4899 4900 4901
f 4902 4903 4904
f 4905 4906 4907
f 4908 4909 4910
f 4911 4912 4913
f 4914 4915 4916
f 4917 4918 4919
f 4920 4921 4922
f 4923 4924 4925
f 4926 4927 4928
f 4929 4930 4931
f 4932 4933 4934
f 4935 4936 4937
f 4938 4939 4940
f 4941 4942 4943
f 4944 4945 4946
f 4947 4948 4949
f 4950 4951 4952
f 4953 4954 4955
f 4956 4957 4958
f 4959 4960 4961
f 4962 4963 4964
f 4965 4966 4967
f 4968 4969 4970
f 4971 4972 4973
f 4974 4975 4976
f 4977 4978 4979
f 4980 4981 4982
f 4983 4984 4985
f 4986 4984 4987
f 4986 4985 4984
f 4988 4989 4980
f 4986 4987 4990
f 4982 4981 4991
f 4991 4992 4982
f 4990 4989 4988
f 4982 4988 4980
f 4985 4992 4983
f 4988 4986 4990
f 4985 4982 4992
f 4993 4994 4995
f 4996 4997 4998
f 4999 5000 5001
f 5002 5003 5004
f 5005 5006 5007
f 5008 5009 5010
f 5011 5012 5013
f 5014 5015 5016
f 5017 5018 5019
f 5020 5021 5022
f 5023 5024 5025
f 5026 5027 5028
f 5029 5030 5031
f 5032 5031 5033
f 5033 5034 5035
f 5036 5037 5038
f 5039 5040 5041
f 5042 5043 5044
f 5045 5046 5047
f 5048 5049 5050
f 5051 5052 5053
f 5054 5055 5056
f 5057 5058 5059
f 5060 5061 5062
f 5063 5064 5065
f 5064 5066 5065
f 5067 5068 5069
f 5070 5071 5072
f 5073 5074 5075
f 5076 5077 5078
f 5079 5080 5081
f 5082 5083 5084
f 5085 5086 5087
f 5088 5089 5090
f 5091 5092 5093
f 5094 5095 5096
f 5097 5098 5099
f 5100 5101 5102
f 5103 5104 5105
f 5106 5107 5108
f 5109 5110 5111
f 5112 5113 5114
f 5115 5116 5117
f 5118 5119 5120
f 5121 5122 5123
f 5124 5125 5126
f 5127 5128 5129
f 5130 5131 5132
f 5133 5134 5135
f 5136 5137 5138
f 5139 5140 5141
f 5142 5143 5144
f 5145 5146 5147
f 5148 5149 5150
f 5151 5144 5152
f 5153 5143 5142
f 5154 5155 5156
f 5157 5158 5151
f 5153 5159 5160
f 5153 5160 5161
f 5160 5159 5157
f 5160 5162 5163
f 5162 5160 5164
f 5161 5160 5163
f 5163 5165 5161
f 5165 5166 5161
f 5161 5166 5153
f 5167 5143 5153
f 5168 5143 5167
f 5168 5167 5169
f 5169 5170 5168
f 5171 5172 5173
f 5144 5174 5175
f 5174 5144 5143
f 5152 5144 5175
f 5175 5176 5152
f 5177 5152 5176
f 5152 5177 5151
f 5151 5178 5164
f 5179 5164 5178
f 5180 5181 5182
f 5183 5184 5185
f 5179 5186 5162
f 5162 5164 5179
f 5174 5143 5168
f 5187 5188 5189
f 5190 5191 5192
f 5157 5164 5160
f 5151 5164 5157
f 5142 5159 5153
f 5144 5158 5142
f 5193 5194 5195
f 5196 5197 5198
f 5199 5200 5201
f 5202 5203 5204
f 5205 5206 5207
f 5202 5208 5209
f 5210 5211 5212
f 5204 5203 5213
f 5214 5209 5215
f 5209 5216 5215
f 5215 5216 5217
f 5218 5219 5220
f 5221 5222 5223
f 5224 5225 5226
f 5227 5228 5214
f 5229 5230 5231
f 5232 5233 5234
f 5202 5214 5228
f 5228 5235 5202
f 5236 5202 5235
f 5237 5238 5236
f 5236 5235 5237
f 5203 5202 5239
f 5238 5239 5202
f 5240 5203 5239
f 5239 5241 5240
f 5242 5243 5244
f 5245 5246 5247
f 5203 5248 5249
f 5249 5213 5203
f 5217 5213 5249
f 5217 5249 5250
f 5249 5251 5250
f 5217 5250 5252
f 5215 5253 5214
f 5254 5255 5256
f 5253 5227 5214
f 5252 5215 5217
f 5252 5250 5251
f 5248 5203 5240
f 5238 5202 5236
f 5218 5220 5257
f 5209 5214 5202
f 5258 5259 5260
f 5204 5208 5202
f 5261 5262 5263
f 5264 5265 5266
f 5267 5268 5269
f 5270 5271 5272
f 5273 5274 5275
f 5276 5277 5278
f 5279 5280 5281
f 5282 5283 5284
f 5285 5286 5287
f 5288 5289 5290
f 5291 5292 5293
f 5294 5295 5296
f 5297 5298 5299
f 5300 5301 5302
f 5303 5304 5305
f 5306 5307 5308
f 5309 5310 5311
f 5312 5313 5314
f 5315 5316 5317
f 5318 5319 5320
f 5321 5322 5323
f 5324 5325 5326
f 5327 5328 5329
f 5330 5331 5332
f 5333 5334 5335
f 5336 5337 5338
f 5339 5340 5341
f 5342 5343 5344
f 5345 5346 5347
f 5348 5349 5350
f 5351 5352 5353
f 5354 5355 5356
f 5357 5358 5359
f 5360 5361 5362
f 5363 5364 5365
f 5366 5367 5368
f 5369 5370 5371
f 5372 5373 5374
f 5375 5376 5377
f 5378 5379 5380
f 5381 5382 5383
f 5384 5385 5386
f 5387 5388 5389
f 5390 5391 5392
f 5393 5394 5395
f 5396 5397 5398
f 5385 5399 5386
f 5400 5401 622
f 622 621 5400
f 5402 5403 5404
f 5405 5406 5407
f 5408 5409 5410
f 5411 5412 5413
f 5414 5410 5415
f 5416 5417 5418
f 5419 5420 5421
f 5422 5423 5424
f 5425 5426 5427
f 5428 5429 5430
f 5431 5432 5433
f 5434 5435 5436
f 5437 5438 5439
f 5440 5441 5442
f 5443 5444 5445
f 5446 5447 5448
f 5449 5450 5451
f 5452 5453 5454
f 5455 5456 5457
f 5458 5459 5460
f 5461 5462 5463
f 5464 5465 5466
f 5467 5468 5469
f 5470 5471 5472
f 5473 5474 5475
f 5476 5477 5478
f 5479 5480 5481
f 5482 5483 5484
f 5484 5485 5482
f 5485 5484 5486
f 602 5486 5487
f 5487 603 602
f 5482 5488 5483
f 598 600 5488
f 5487 5489 603
f 600 5490 5488
f 5490 5491 5488
f 5492 5493 5494
f 5493 5492 5495
f 5494 5496 5492
f 615 619 5497
f 612 5495 5498
f 619 5499 5497
f 5499 5500 5497
f 5494 5497 5496
f 5498 613 612
f 5498 5501 613
f 511 510 5502
f 5502 5503 511
f 5504 5505 5506
f 5507 5508 5509
f 5510 5511 5512
f 5506 5505 5513
f 5513 5514 5515
f 5515 5506 5513
f 5516 5517 5518
f 5519 5520 5521
f 5522 5523 5524
f 5525 5526 5527
f 5528 5529 5530
f 5531 5532 5533
f 5534 5535 5536
f 5537 5538 5539
f 5540 5541 5542
f 5543 5544 5545
f 5546 5545 5544
f 5547 5548 5549
f 5550 5551 5552
f 5553 5554 5555
f 5556 5557 5558
f 5559 5560 5561
f 5562 5563 5564
f 5565 5566 5567
f 5568 5569 5570
f 5571 5572 5573
f 5574 5575 5576
f 5577 5578 5579
f 5577 5580 5578
f 5580 5581 5578
f 5582 5577 5579
f 5581 5580 5583
f 5584 5585 5581
f 5579 5585 5582
f 5581 5583 5584
f 5579 5581 5585
f 5586 5587 5588
f 5589 5590 5591
f 5592 5593 5594
f 5595 5596 5597
f 5598 5599 5600
f 5601 5602 5603
f 5604 5605 5606
f 5607 5608 5609
f 5610 5611 5612
f 5613 5614 5615
f 5616 5617 5618
f 5619 5620 5621
f 5622 5623 5624
f 5625 5626 5627
f 5627 5628 5625
f 5629 5630 5631
f 5628 5632 5633
f 5631 5627 5629
f 5632 5631 5634
f 5632 5635 5633
f 5626 5629 5627
f 5628 5633 5625
f 5631 5630 5634
f 5632 5634 5635
f 5636 5637 5638
f 5639 5640 5641
f 5642 5643 5644
f 5645 5646 5647
f 5648 5649 5650
f 5651 5652 5653
f 5654 5655 5656
f 5657 5658 5659
f 5660 5661 5662
f 5663 5664 5665
f 5666 5667 5668
f 5669 5670 5671
f 5672 5673 5674
f 5675 5676 5677
f 5678 5679 5680
f 5681 5674 5673
f 5682 5683 5684
f 5685 5686 5687
f 5688 5689 5690
f 5691 5692 5693
f 5694 5695 5696
f 5697 5698 5688
f 5699 5698 5697
f 5690 5697 5688
f 5700 5701 5702
f 5703 5704 827
f 827 826 5703
f 5705 5706 5707
f 5708 5709 5710
f 5711 5712 5713
f 5714 5715 5716
f 5717 5718 5719
f 5720 5721 5722
f 5723 5724 5725
f 5726 5727 5728
f 5729 5730 5731
f 5732 5733 5734
f 5735 5736 5737
f 5738 5739 5740
f 5741 5742 5743
f 5744 5745 5746
f 5747 5748 5749
f 5750 5751 5752
f 5753 5754 5755
f 5756 5757 5758
f 5759 5760 5761
f 5762 5763 5764
f 5765 5766 5767
f 5768 5769 5770
f 5771 5772 5773
f 5774 5775 5776
f 5777 5778 5779
f 5780 5781 5782
f 5783 5784 5785
f 5786 5787 5788
f 5788 5789 5786
f 5789 5788 5790
f 807 5790 5791
f 5791 808 807
f 5786 5792 5787
f 803 805 5792
f 5791 5793 808
f 805 5794 5792
f 5794 5795 5792
f 5796 5797 5798
f 5797 5796 5799
f 5798 5800 5796
f 820 824 5801
f 817 5799 5802
f 824 5803 5801
f 5803 5804 5801
f 5798 5801 5800
f 5802 818 817
f 5802 5805 818
f 716 715 5806
f 5806 5807 716
f 5808 5809 5810
f 5811 5808 5810
f 5812 5813 5814
f 5815 5816 5817
f 5818 5811 5819
f 5810 5819 5811
f 5820 5821 5822
f 5823 5824 5825
f 5826 5827 5828
f 5829 5830 5831
f 5832 5833 5834
f 5835 5836 5837
f 5838 5839 5840
f 5841 5842 5843
f 5844 5845 5846
f 5847 5848 5849
f 5850 5851 5852
f 5853 5854 5855
f 5856 5857 5858
f 5859 5860 5861
f 5862 5863 5864
f 5865 5866 5867
f 5868 5869 5870
f 5871 5872 5873
f 5874 5875 5876
f 5877 5878 5879
f 5880 5881 5882
f 5883 5884 5885
f 5886 5887 5888
f 5889 5890 5891
f 5892 5893 5894
f 5895 5896 5897
f 5898 5899 5900
f 5900 5901 5898
f 5902 5903 5904
f 5905 5906 5907
f 5908 5909 5910
f 5911 5912 5913
f 5914 5915 5916
f 5917 5918 5919
f 5920 5921 5922
f 5923 5924 5925
f 5926 5927 5928
f 5929 5930 5931
f 5932 5933 5934
f 5934 5935 5932
f 5931 5936 5929
f 5928 5937 5926
f 5925 5938 5923
f 5922 5939 5920
f 5919 5940 5917
f 5916 5941 5914
f 5913 5942 5911
f 5910 5943 5908
f 5907 5944 5905
f 5904 5945 5902
f 5897 5946 5895
f 5894 5947 5892
f 5891 5948 5889
f 5888 5949 5886
f 5885 5950 5883
f 5882 5951 5880
f 5879 5952 5877
f 5876 5953 5874
f 5873 5954 5871
f 5870 5955 5868
f 5867 5956 5865
f 5864 5957 5862
f 5958 5959 5960
f 5961 5962 5959
f 5963 5964 5962
f 5965 5966 5964
f 5967 5968 5969
f 5968 5970 5971
f 5972 5973 5974
f 5975 5976 5973
f 5959 5958 5961
f 5964 5963 5965
f 5977 5978 5979
f 5971 5969 5968
f 5980 5981 5971
f 5973 5972 5975
f 5982 5983 5976
f 5984 5985 5986
f 5985 5987 5988
f 5987 5989 5990
f 5962 5961 5963
f 5991 5979 5966
f 5979 5991 5977
f 5992 5993 5994
f 5971 5970 5980
f 5995 5974 5981
f 5976 5975 5982
f 5983 5982 5984
f 5990 5988 5987
f 5989 5996 5997
f 5996 5998 5999
f 5998 6000 5960
f 5966 5965 5991
f 5994 5978 5992
f 5993 6001 6002
f 6001 5967 6003
f 5981 5980 5995
f 5986 5983 5984
f 5997 5990 5989
f 5960 5999 5998
f 5977 5992 5978
f 6003 6002 6001
f 5974 5995 5972
f 5999 5997 5996
f 6002 5994 5993
f 5988 5986 5985
f 5969 6003 5967
f 5960 6000 5958
f 6004 6005 6006
f 6007 6008 6009
f 6010 6011 6012
f 6013 6014 6015
f 6016 6017 6018
f 6019 6020 6021
f 6022 6023 6024
f 6025 6026 6027
f 6028 6029 6030
f 6031 6032 6033
f 6034 6035 6036
f 6037 6038 6039
f 6039 6040 6037
f 6041 6042 6043
f 6044 6045 6046
f 6047 6048 6049
f 6050 6051 6052
f 6053 6054 6055
f 6056 6057 6058
f 6059 6060 6061
f 6062 6063 6064
f 6065 6066 6067
f 6068 6069 6070
f 6070 6071 6068
f 6067 6072 6065
f 6064 6073 6062
f 6061 6074 6059
f 6058 6075 6056
f 6055 6076 6053
f 6052 6077 6050
f 6049 6078 6047
f 6046 6079 6044
f 6043 6080 6041
f 6036 6081 6034
f 6033 6082 6031
f 6030 6083 6028
f 6027 6084 6025
f 6024 6085 6022
f 6021 6086 6019
f 6018 6087 6016
f 6015 6088 6013
f 6012 6089 6010
f 6009 6090 6007
f 6006 6091 6004
f 6092 6093 6094
f 6095 6096 6094
f 6097 6098 6099
f 6098 6100 6101
f 6100 6092 6102
f 6094 6093 6095
f 6103 6097 6104
f 6101 6099 6098
f 6094 6102 6092
f 6105 6106 6096
f 6099 6104 6097
f 6096 6095 6105
f 6107 6103 6108
f 6102 6101 6100
f 6109 6110 6106
f 6111 6112 6113
f 6114 6115 6112
f 6116 6117 6115
f 6117 6116 6107
f 6106 6105 6109
f 6118 6119 6110
f 6120 6121 6122
f 6112 6111 6114
f 6108 6117 6107
f 6110 6109 6118
f 6123 6122 6119
f 6122 6123 6120
f 6124 6125 6126
f 6125 6127 6128
f 6127 6129 6130
f 6115 6114 6116
f 6119 6118 6123
f 6126 6121 6124
f 6130 6128 6127
f 6104 6108 6103
f 6128 6126 6125
f 6129 6131 6132
f 6131 6133 6134
f 6135 6136 6134
f 6137 6113 6136
f 6120 6124 6121
f 6134 6132 6131
f 6136 6135 6137
f 6132 6130 6129
f 6113 6137 6111
f 6134 6133 6135

